file,line,startCol,endCol,type,value,score
/Users/vamsisaripudi/Documents/1MTSU/SEM3/Parallel Processing Concepts/Final Project/Codebase/CSCI_6330_Final_Project/data-corpus/test-corpus/log_000006.txt,1,0,13,IPV4,47.51.177.219,2.0
/Users/vamsisaripudi/Documents/1MTSU/SEM3/Parallel Processing Concepts/Final Project/Codebase/CSCI_6330_Final_Project/data-corpus/test-corpus/log_000006.txt,1,91,160,HIGH_ENTROPY,"""Opera/9.70.(X11; Linux x86_64; niu-NU) Presto/2.9.177 Version/10.00""",4.894776544287523
/Users/vamsisaripudi/Documents/1MTSU/SEM3/Parallel Processing Concepts/Final Project/Codebase/CSCI_6330_Final_Project/data-corpus/test-corpus/log_000006.txt,2,0,13,IPV4,214.53.97.106,2.0
/Users/vamsisaripudi/Documents/1MTSU/SEM3/Parallel Processing Concepts/Final Project/Codebase/CSCI_6330_Final_Project/data-corpus/test-corpus/log_000006.txt,2,99,164,HIGH_ENTROPY,"""Mozilla/5.0 (compatible; MSIE 9.0; Windows NT 5.1; Trident/4.1)""",4.8851963213223994
/Users/vamsisaripudi/Documents/1MTSU/SEM3/Parallel Processing Concepts/Final Project/Codebase/CSCI_6330_Final_Project/data-corpus/test-corpus/log_000006.txt,4,0,11,IPV4,80.0.13.124,2.0
/Users/vamsisaripudi/Documents/1MTSU/SEM3/Parallel Processing Concepts/Final Project/Codebase/CSCI_6330_Final_Project/data-corpus/test-corpus/log_000006.txt,4,86,185,HIGH_ENTROPY,"""Mozilla/5.0 (Windows NT 4.0) AppleWebKit/536.1 (KHTML, like Gecko) Chrome/41.0.865.0 Safari/536.1""",5.117591439041751
/Users/vamsisaripudi/Documents/1MTSU/SEM3/Parallel Processing Concepts/Final Project/Codebase/CSCI_6330_Final_Project/data-corpus/test-corpus/log_000006.txt,5,0,9,IPV4,37.57.6.3,2.0
/Users/vamsisaripudi/Documents/1MTSU/SEM3/Parallel Processing Concepts/Final Project/Codebase/CSCI_6330_Final_Project/data-corpus/test-corpus/log_000006.txt,5,88,149,HIGH_ENTROPY,"""Mozilla/5.0 (compatible; MSIE 6.0; Windows 95; Trident/4.0)""",4.86050434551134
/Users/vamsisaripudi/Documents/1MTSU/SEM3/Parallel Processing Concepts/Final Project/Codebase/CSCI_6330_Final_Project/data-corpus/test-corpus/log_000006.txt,6,0,12,IPV4,171.87.86.90,2.0
/Users/vamsisaripudi/Documents/1MTSU/SEM3/Parallel Processing Concepts/Final Project/Codebase/CSCI_6330_Final_Project/data-corpus/test-corpus/log_000006.txt,6,89,188,HIGH_ENTROPY,"""Mozilla/5.0 (Windows NT 5.01; cs-CZ; rv:1.9.0.20) Gecko/9339-12-29 09:41:50.824738 Firefox/3.6.16""",5.068715271958218
/Users/vamsisaripudi/Documents/1MTSU/SEM3/Parallel Processing Concepts/Final Project/Codebase/CSCI_6330_Final_Project/data-corpus/test-corpus/log_000006.txt,6,130,138,IPV4,1.9.0.20,2.0
/Users/vamsisaripudi/Documents/1MTSU/SEM3/Parallel Processing Concepts/Final Project/Codebase/CSCI_6330_Final_Project/data-corpus/test-corpus/log_000006.txt,7,0,15,IPV4,143.101.103.143,2.0
/Users/vamsisaripudi/Documents/1MTSU/SEM3/Parallel Processing Concepts/Final Project/Codebase/CSCI_6330_Final_Project/data-corpus/test-corpus/log_000006.txt,7,90,224,HIGH_ENTROPY,"""Mozilla/5.0 (Macintosh; Intel Mac OS X 10_11_7 rv:2.0; lo-LA) AppleWebKit/534.12.6 (KHTML, like Gecko) Version/4.0.5 Safari/534.12.6""",5.221383665397487
/Users/vamsisaripudi/Documents/1MTSU/SEM3/Parallel Processing Concepts/Final Project/Codebase/CSCI_6330_Final_Project/data-corpus/test-corpus/log_000006.txt,8,0,14,IPV4,165.132.79.159,2.0
/Users/vamsisaripudi/Documents/1MTSU/SEM3/Parallel Processing Concepts/Final Project/Codebase/CSCI_6330_Final_Project/data-corpus/test-corpus/log_000006.txt,8,96,205,HIGH_ENTROPY,"""Mozilla/5.0 (Macintosh; U; Intel Mac OS X 10_9_8; rv:1.9.5.20) Gecko/7884-02-21 21:14:37.087128 Firefox/3.8""",5.086062959744821
/Users/vamsisaripudi/Documents/1MTSU/SEM3/Parallel Processing Concepts/Final Project/Codebase/CSCI_6330_Final_Project/data-corpus/test-corpus/log_000006.txt,8,150,158,IPV4,1.9.5.20,2.0
/Users/vamsisaripudi/Documents/1MTSU/SEM3/Parallel Processing Concepts/Final Project/Codebase/CSCI_6330_Final_Project/data-corpus/test-corpus/log_000006.txt,9,0,133,HIGH_ENTROPY,"{""ts"":""2025-09-07T18:24:48Z"",""level"":""INFO"",""service"":""search"",""msg"":""request completed"",""user"":""glennmartin"",""trace"":""Z51vTfGPlcpT""}",4.740989394542491
/Users/vamsisaripudi/Documents/1MTSU/SEM3/Parallel Processing Concepts/Final Project/Codebase/CSCI_6330_Final_Project/data-corpus/test-corpus/log_000006.txt,11,51,65,IPV4,172.31.224.229,2.0
/Users/vamsisaripudi/Documents/1MTSU/SEM3/Parallel Processing Concepts/Final Project/Codebase/CSCI_6330_Final_Project/data-corpus/test-corpus/log_000006.txt,13,50,64,IPV4,192.168.52.135,2.0
/Users/vamsisaripudi/Documents/1MTSU/SEM3/Parallel Processing Concepts/Final Project/Codebase/CSCI_6330_Final_Project/data-corpus/test-corpus/log_000006.txt,14,0,13,IPV4,29.162.190.45,2.0
/Users/vamsisaripudi/Documents/1MTSU/SEM3/Parallel Processing Concepts/Final Project/Codebase/CSCI_6330_Final_Project/data-corpus/test-corpus/log_000006.txt,14,92,162,HIGH_ENTROPY,"""Mozilla/5.0 (Android 7.1.2; Mobile; rv:14.0) Gecko/14.0 Firefox/14.0""",4.7235169027462796
/Users/vamsisaripudi/Documents/1MTSU/SEM3/Parallel Processing Concepts/Final Project/Codebase/CSCI_6330_Final_Project/data-corpus/test-corpus/log_000006.txt,15,0,132,HIGH_ENTROPY,"{""ts"":""2025-09-07T18:24:48Z"",""level"":""INFO"",""service"":""search"",""msg"":""user session created"",""user"":""debra31"",""trace"":""xbxtl8nv8XFm""}",4.681752831658179
/Users/vamsisaripudi/Documents/1MTSU/SEM3/Parallel Processing Concepts/Final Project/Codebase/CSCI_6330_Final_Project/data-corpus/test-corpus/log_000006.txt,16,0,140,HIGH_ENTROPY,"{""ts"":""2025-09-07T18:24:48Z"",""level"":""DEBUG"",""service"":""billing"",""msg"":""retrying upstream"",""user"":""fitzgeraldvictor"",""trace"":""2YgGXI1V4HcQ""}",4.893239538763942
/Users/vamsisaripudi/Documents/1MTSU/SEM3/Parallel Processing Concepts/Final Project/Codebase/CSCI_6330_Final_Project/data-corpus/test-corpus/log_000006.txt,17,0,123,HIGH_ENTROPY,"{""ts"":""2025-09-07T18:24:48Z"",""level"":""ERROR"",""service"":""auth"",""msg"":""cache miss"",""user"":""hmcintyre"",""trace"":""l1SXNZ5kUCcA""}",4.741641411699352
/Users/vamsisaripudi/Documents/1MTSU/SEM3/Parallel Processing Concepts/Final Project/Codebase/CSCI_6330_Final_Project/data-corpus/test-corpus/log_000006.txt,18,0,133,HIGH_ENTROPY,"{""ts"":""2025-09-07T18:24:48Z"",""level"":""ERROR"",""service"":""notify"",""msg"":""retrying upstream"",""user"":""kimberly73"",""trace"":""WVYCoIpt9ZYE""}",4.878753935870566
/Users/vamsisaripudi/Documents/1MTSU/SEM3/Parallel Processing Concepts/Final Project/Codebase/CSCI_6330_Final_Project/data-corpus/test-corpus/log_000006.txt,19,0,127,HIGH_ENTROPY,"{""ts"":""2025-09-07T18:24:48Z"",""level"":""WARN"",""service"":""notify"",""msg"":""db slow query"",""user"":""heather73"",""trace"":""DXsXyGHA9k0m""}",4.913392218347131
/Users/vamsisaripudi/Documents/1MTSU/SEM3/Parallel Processing Concepts/Final Project/Codebase/CSCI_6330_Final_Project/data-corpus/test-corpus/log_000006.txt,20,0,134,HIGH_ENTROPY,"{""ts"":""2025-09-07T18:24:48Z"",""level"":""WARN"",""service"":""billing"",""msg"":""token refreshed"",""user"":""taylorcharles"",""trace"":""E3xJ7gT2H2hs""}",4.807475774806237
/Users/vamsisaripudi/Documents/1MTSU/SEM3/Parallel Processing Concepts/Final Project/Codebase/CSCI_6330_Final_Project/data-corpus/test-corpus/log_000006.txt,21,0,138,HIGH_ENTROPY,"{""ts"":""2025-09-07T18:24:48Z"",""level"":""WARN"",""service"":""search"",""msg"":""user session created"",""user"":""rachelwallace"",""trace"":""j1Bf86o0C4w7""}",4.705741798903476
/Users/vamsisaripudi/Documents/1MTSU/SEM3/Parallel Processing Concepts/Final Project/Codebase/CSCI_6330_Final_Project/data-corpus/test-corpus/log_000006.txt,21,147,189,HIGH_ENTROPY,AIzaLpyR6FoBLXi87O5YOyoR4tn31zLuRJo-D4Pwfw,4.8145873631004195
/Users/vamsisaripudi/Documents/1MTSU/SEM3/Parallel Processing Concepts/Final Project/Codebase/CSCI_6330_Final_Project/data-corpus/test-corpus/log_000006.txt,22,45,57,IPV4,10.163.161.2,2.0
/Users/vamsisaripudi/Documents/1MTSU/SEM3/Parallel Processing Concepts/Final Project/Codebase/CSCI_6330_Final_Project/data-corpus/test-corpus/log_000006.txt,23,0,13,IPV4,51.50.125.124,2.0
/Users/vamsisaripudi/Documents/1MTSU/SEM3/Parallel Processing Concepts/Final Project/Codebase/CSCI_6330_Final_Project/data-corpus/test-corpus/log_000006.txt,23,89,183,HIGH_ENTROPY,"""Mozilla/5.0 (X11; Linux x86_64; rv:1.9.7.20) Gecko/7105-03-23 01:09:10.731323 Firefox/3.6.12""",4.897690544415075
/Users/vamsisaripudi/Documents/1MTSU/SEM3/Parallel Processing Concepts/Final Project/Codebase/CSCI_6330_Final_Project/data-corpus/test-corpus/log_000006.txt,23,125,133,IPV4,1.9.7.20,2.0
/Users/vamsisaripudi/Documents/1MTSU/SEM3/Parallel Processing Concepts/Final Project/Codebase/CSCI_6330_Final_Project/data-corpus/test-corpus/log_000006.txt,24,0,14,IPV4,213.210.164.90,2.0
/Users/vamsisaripudi/Documents/1MTSU/SEM3/Parallel Processing Concepts/Final Project/Codebase/CSCI_6330_Final_Project/data-corpus/test-corpus/log_000006.txt,24,86,193,HIGH_ENTROPY,"""Mozilla/5.0 (Macintosh; PPC Mac OS X 10_7_9; rv:1.9.6.20) Gecko/8652-10-23 03:37:29.278229 Firefox/3.6.17""",5.083372567267863
/Users/vamsisaripudi/Documents/1MTSU/SEM3/Parallel Processing Concepts/Final Project/Codebase/CSCI_6330_Final_Project/data-corpus/test-corpus/log_000006.txt,24,135,143,IPV4,1.9.6.20,2.0
/Users/vamsisaripudi/Documents/1MTSU/SEM3/Parallel Processing Concepts/Final Project/Codebase/CSCI_6330_Final_Project/data-corpus/test-corpus/log_000006.txt,26,45,233,HIGH_ENTROPY,'Bearer eyJhbGciOiJIUzI1NiIsInR5cCI6IkpXVCJ9.eyJzdWIiOiJWWGNRS1NWdTlFIiwiaWF0IjoxNzU3MjY3ODUyLCJleHAiOjE3NTcyNzE0NTIsInNjb3BlIjoicmVhZDphbGwifQ.7FUNI5REXzDELJXOTqPs9vtLRIc2-0OpOfcJ69r5cW8',5.575777400935314
/Users/vamsisaripudi/Documents/1MTSU/SEM3/Parallel Processing Concepts/Final Project/Codebase/CSCI_6330_Final_Project/data-corpus/test-corpus/log_000006.txt,26,53,232,JWT,eyJhbGciOiJIUzI1NiIsInR5cCI6IkpXVCJ9.eyJzdWIiOiJWWGNRS1NWdTlFIiwiaWF0IjoxNzU3MjY3ODUyLCJleHAiOjE3NTcyNzE0NTIsInNjb3BlIjoicmVhZDphbGwifQ.7FUNI5REXzDELJXOTqPs9vtLRIc2-0OpOfcJ69r5cW8,2.0
/Users/vamsisaripudi/Documents/1MTSU/SEM3/Parallel Processing Concepts/Final Project/Codebase/CSCI_6330_Final_Project/data-corpus/test-corpus/log_000006.txt,28,0,133,HIGH_ENTROPY,"{""ts"":""2025-09-07T18:24:48Z"",""level"":""WARN"",""service"":""search"",""msg"":""request completed"",""user"":""catherine55"",""trace"":""NwpKAlQQfHxe""}",4.767988522969369
/Users/vamsisaripudi/Documents/1MTSU/SEM3/Parallel Processing Concepts/Final Project/Codebase/CSCI_6330_Final_Project/data-corpus/test-corpus/log_000006.txt,29,0,13,IPV4,187.13.70.141,2.0
/Users/vamsisaripudi/Documents/1MTSU/SEM3/Parallel Processing Concepts/Final Project/Codebase/CSCI_6330_Final_Project/data-corpus/test-corpus/log_000006.txt,29,88,154,HIGH_ENTROPY,"""Opera/9.25.(Windows NT 10.0; lv-LV) Presto/2.9.170 Version/10.00""",4.784416611842221
/Users/vamsisaripudi/Documents/1MTSU/SEM3/Parallel Processing Concepts/Final Project/Codebase/CSCI_6330_Final_Project/data-corpus/test-corpus/log_000006.txt,30,50,63,IPV4,172.20.130.17,2.0
/Users/vamsisaripudi/Documents/1MTSU/SEM3/Parallel Processing Concepts/Final Project/Codebase/CSCI_6330_Final_Project/data-corpus/test-corpus/log_000006.txt,31,45,59,IPV4,192.168.81.196,2.0
/Users/vamsisaripudi/Documents/1MTSU/SEM3/Parallel Processing Concepts/Final Project/Codebase/CSCI_6330_Final_Project/data-corpus/test-corpus/log_000006.txt,32,43,55,IPV4,10.239.2.100,2.0
/Users/vamsisaripudi/Documents/1MTSU/SEM3/Parallel Processing Concepts/Final Project/Codebase/CSCI_6330_Final_Project/data-corpus/test-corpus/log_000007.txt,1,0,133,HIGH_ENTROPY,"{""ts"":""2025-09-07T18:24:48Z"",""level"":""ERROR"",""service"":""search"",""msg"":""token refreshed"",""user"":""davisphillip"",""trace"":""lZieTX8Dcsmc""}",4.68651486448357
/Users/vamsisaripudi/Documents/1MTSU/SEM3/Parallel Processing Concepts/Final Project/Codebase/CSCI_6330_Final_Project/data-corpus/test-corpus/log_000007.txt,2,0,13,IPV4,23.180.12.142,2.0
/Users/vamsisaripudi/Documents/1MTSU/SEM3/Parallel Processing Concepts/Final Project/Codebase/CSCI_6330_Final_Project/data-corpus/test-corpus/log_000007.txt,2,91,228,HIGH_ENTROPY,"""Mozilla/5.0 (iPad; CPU iPad OS 15_8_2 like Mac OS X) AppleWebKit/536.2 (KHTML, like Gecko) FxiOS/14.2b4565.0 Mobile/74N801 Safari/536.2""",5.16677884574422
/Users/vamsisaripudi/Documents/1MTSU/SEM3/Parallel Processing Concepts/Final Project/Codebase/CSCI_6330_Final_Project/data-corpus/test-corpus/log_000007.txt,4,47,62,IPV4,192.168.242.142,2.0
/Users/vamsisaripudi/Documents/1MTSU/SEM3/Parallel Processing Concepts/Final Project/Codebase/CSCI_6330_Final_Project/data-corpus/test-corpus/log_000007.txt,6,45,60,IPV4,192.168.250.205,2.0
/Users/vamsisaripudi/Documents/1MTSU/SEM3/Parallel Processing Concepts/Final Project/Codebase/CSCI_6330_Final_Project/data-corpus/test-corpus/log_000007.txt,8,48,63,IPV4,192.168.116.128,2.0
/Users/vamsisaripudi/Documents/1MTSU/SEM3/Parallel Processing Concepts/Final Project/Codebase/CSCI_6330_Final_Project/data-corpus/test-corpus/log_000007.txt,9,0,129,HIGH_ENTROPY,"{""ts"":""2025-09-07T18:24:48Z"",""level"":""ERROR"",""service"":""orders"",""msg"":""db slow query"",""user"":""rhernandez"",""trace"":""cU36wNBrOY8d""}",4.829549375803822
/Users/vamsisaripudi/Documents/1MTSU/SEM3/Parallel Processing Concepts/Final Project/Codebase/CSCI_6330_Final_Project/data-corpus/test-corpus/log_000007.txt,12,0,12,IPV4,141.69.22.36,2.0
/Users/vamsisaripudi/Documents/1MTSU/SEM3/Parallel Processing Concepts/Final Project/Codebase/CSCI_6330_Final_Project/data-corpus/test-corpus/log_000007.txt,12,98,246,HIGH_ENTROPY,"""Mozilla/5.0 (iPod; U; CPU iPhone OS 4_1 like Mac OS X; ff-SN) AppleWebKit/533.43.4 (KHTML, like Gecko) Version/3.0.5 Mobile/8B115 Safari/6533.43.4""",5.151927332584824
/Users/vamsisaripudi/Documents/1MTSU/SEM3/Parallel Processing Concepts/Final Project/Codebase/CSCI_6330_Final_Project/data-corpus/test-corpus/log_000007.txt,14,0,130,HIGH_ENTROPY,"{""ts"":""2025-09-07T18:24:48Z"",""level"":""INFO"",""service"":""billing"",""msg"":""token refreshed"",""user"":""timothy84"",""trace"":""lFHy6JhqXqTC""}",4.8755907295732035
/Users/vamsisaripudi/Documents/1MTSU/SEM3/Parallel Processing Concepts/Final Project/Codebase/CSCI_6330_Final_Project/data-corpus/test-corpus/log_000007.txt,15,46,59,IPV4,172.28.38.116,2.0
/Users/vamsisaripudi/Documents/1MTSU/SEM3/Parallel Processing Concepts/Final Project/Codebase/CSCI_6330_Final_Project/data-corpus/test-corpus/log_000007.txt,16,0,15,IPV4,164.165.177.175,2.0
/Users/vamsisaripudi/Documents/1MTSU/SEM3/Parallel Processing Concepts/Final Project/Codebase/CSCI_6330_Final_Project/data-corpus/test-corpus/log_000007.txt,16,93,198,HIGH_ENTROPY,"""Mozilla/5.0 (Linux; Android 4.0.2) AppleWebKit/533.2 (KHTML, like Gecko) Chrome/28.0.806.0 Safari/533.2""",5.099740341735912
/Users/vamsisaripudi/Documents/1MTSU/SEM3/Parallel Processing Concepts/Final Project/Codebase/CSCI_6330_Final_Project/data-corpus/test-corpus/log_000007.txt,17,47,60,IPV4,172.19.55.169,2.0
/Users/vamsisaripudi/Documents/1MTSU/SEM3/Parallel Processing Concepts/Final Project/Codebase/CSCI_6330_Final_Project/data-corpus/test-corpus/log_000007.txt,18,45,59,IPV4,10.243.142.231,2.0
/Users/vamsisaripudi/Documents/1MTSU/SEM3/Parallel Processing Concepts/Final Project/Codebase/CSCI_6330_Final_Project/data-corpus/test-corpus/log_000007.txt,19,0,121,HIGH_ENTROPY,"{""ts"":""2025-09-07T18:24:48Z"",""level"":""INFO"",""service"":""auth"",""msg"":""cache miss"",""user"":""manuel01"",""trace"":""pYFbxJKxDZJi""}",4.749915071892645
/Users/vamsisaripudi/Documents/1MTSU/SEM3/Parallel Processing Concepts/Final Project/Codebase/CSCI_6330_Final_Project/data-corpus/test-corpus/log_000007.txt,20,0,14,IPV4,142.220.178.27,2.0
/Users/vamsisaripudi/Documents/1MTSU/SEM3/Parallel Processing Concepts/Final Project/Codebase/CSCI_6330_Final_Project/data-corpus/test-corpus/log_000007.txt,20,92,240,HIGH_ENTROPY,"""Mozilla/5.0 (iPod; U; CPU iPhone OS 3_2 like Mac OS X; mk-MK) AppleWebKit/531.12.4 (KHTML, like Gecko) Version/4.0.5 Mobile/8B118 Safari/6531.12.4""",5.194100136099595
/Users/vamsisaripudi/Documents/1MTSU/SEM3/Parallel Processing Concepts/Final Project/Codebase/CSCI_6330_Final_Project/data-corpus/test-corpus/log_000007.txt,23,0,138,HIGH_ENTROPY,"{""ts"":""2025-09-07T18:24:48Z"",""level"":""DEBUG"",""service"":""search"",""msg"":""user session created"",""user"":""alexisrogers"",""trace"":""63d1hHjtkku7""}",4.7347371948694255
/Users/vamsisaripudi/Documents/1MTSU/SEM3/Parallel Processing Concepts/Final Project/Codebase/CSCI_6330_Final_Project/data-corpus/test-corpus/log_000007.txt,24,49,61,IPV4,172.22.46.96,2.0
/Users/vamsisaripudi/Documents/1MTSU/SEM3/Parallel Processing Concepts/Final Project/Codebase/CSCI_6330_Final_Project/data-corpus/test-corpus/log_000007.txt,25,49,62,IPV4,172.26.126.96,2.0
/Users/vamsisaripudi/Documents/1MTSU/SEM3/Parallel Processing Concepts/Final Project/Codebase/CSCI_6330_Final_Project/data-corpus/test-corpus/log_000007.txt,26,0,130,HIGH_ENTROPY,"{""ts"":""2025-09-07T18:24:48Z"",""level"":""DEBUG"",""service"":""auth"",""msg"":""token refreshed"",""user"":""thomasboyle"",""trace"":""NU5Mv17Kc03b""}",4.839938914835382
/Users/vamsisaripudi/Documents/1MTSU/SEM3/Parallel Processing Concepts/Final Project/Codebase/CSCI_6330_Final_Project/data-corpus/test-corpus/log_000007.txt,27,45,58,IPV4,10.120.150.61,2.0
/Users/vamsisaripudi/Documents/1MTSU/SEM3/Parallel Processing Concepts/Final Project/Codebase/CSCI_6330_Final_Project/data-corpus/test-corpus/log_000007.txt,31,43,57,IPV4,172.27.244.188,2.0
/Users/vamsisaripudi/Documents/1MTSU/SEM3/Parallel Processing Concepts/Final Project/Codebase/CSCI_6330_Final_Project/data-corpus/test-corpus/log_000007.txt,32,0,13,IPV4,182.253.58.92,2.0
/Users/vamsisaripudi/Documents/1MTSU/SEM3/Parallel Processing Concepts/Final Project/Codebase/CSCI_6330_Final_Project/data-corpus/test-corpus/log_000007.txt,32,87,182,HIGH_ENTROPY,"""Mozilla/5.0 (Windows NT 5.0; sa-IN; rv:1.9.0.20) Gecko/6208-10-18 17:13:33.431168 Firefox/3.8""",5.01783524626543
/Users/vamsisaripudi/Documents/1MTSU/SEM3/Parallel Processing Concepts/Final Project/Codebase/CSCI_6330_Final_Project/data-corpus/test-corpus/log_000007.txt,32,127,135,IPV4,1.9.0.20,2.0
/Users/vamsisaripudi/Documents/1MTSU/SEM3/Parallel Processing Concepts/Final Project/Codebase/CSCI_6330_Final_Project/data-corpus/test-corpus/log_000007.txt,33,0,133,HIGH_ENTROPY,"{""ts"":""2025-09-07T18:24:48Z"",""level"":""DEBUG"",""service"":""billing"",""msg"":""request completed"",""user"":""tchambers"",""trace"":""s8y3NAp935k0""}",4.8357151860040295
/Users/vamsisaripudi/Documents/1MTSU/SEM3/Parallel Processing Concepts/Final Project/Codebase/CSCI_6330_Final_Project/data-corpus/test-corpus/log_000007.txt,34,47,61,IPV4,192.168.130.72,2.0
/Users/vamsisaripudi/Documents/1MTSU/SEM3/Parallel Processing Concepts/Final Project/Codebase/CSCI_6330_Final_Project/data-corpus/test-corpus/log_000007.txt,38,48,61,IPV4,10.178.14.229,2.0
/Users/vamsisaripudi/Documents/1MTSU/SEM3/Parallel Processing Concepts/Final Project/Codebase/CSCI_6330_Final_Project/data-corpus/test-corpus/log_000007.txt,39,0,135,HIGH_ENTROPY,"{""ts"":""2025-09-07T18:24:48Z"",""level"":""WARN"",""service"":""notify"",""msg"":""retrying upstream"",""user"":""jessicawalker"",""trace"":""eyGCWJr0NRNh""}",4.804681887892223
/Users/vamsisaripudi/Documents/1MTSU/SEM3/Parallel Processing Concepts/Final Project/Codebase/CSCI_6330_Final_Project/data-corpus/test-corpus/log_000007.txt,40,0,14,IPV4,65.116.126.216,2.0
/Users/vamsisaripudi/Documents/1MTSU/SEM3/Parallel Processing Concepts/Final Project/Codebase/CSCI_6330_Final_Project/data-corpus/test-corpus/log_000007.txt,40,95,160,HIGH_ENTROPY,"""Mozilla/5.0 (compatible; MSIE 8.0; Windows NT 6.1; Trident/5.1)""",4.8851963213223994
/Users/vamsisaripudi/Documents/1MTSU/SEM3/Parallel Processing Concepts/Final Project/Codebase/CSCI_6330_Final_Project/data-corpus/test-corpus/log_000007.txt,41,0,133,HIGH_ENTROPY,"{""ts"":""2025-09-07T18:24:48Z"",""level"":""DEBUG"",""service"":""notify"",""msg"":""user session created"",""user"":""pmorrow"",""trace"":""zGccciTvZEHD""}",4.767358048991126
/Users/vamsisaripudi/Documents/1MTSU/SEM3/Parallel Processing Concepts/Final Project/Codebase/CSCI_6330_Final_Project/data-corpus/test-corpus/log_000007.txt,42,0,127,HIGH_ENTROPY,"{""ts"":""2025-09-07T18:24:48Z"",""level"":""WARN"",""service"":""notify"",""msg"":""retrying upstream"",""user"":""rreed"",""trace"":""kzNV1tLvG1GI""}",4.785835281809968
/Users/vamsisaripudi/Documents/1MTSU/SEM3/Parallel Processing Concepts/Final Project/Codebase/CSCI_6330_Final_Project/data-corpus/test-corpus/log_000007.txt,43,50,63,IPV4,10.57.198.197,2.0
/Users/vamsisaripudi/Documents/1MTSU/SEM3/Parallel Processing Concepts/Final Project/Codebase/CSCI_6330_Final_Project/data-corpus/test-corpus/log_000007.txt,44,0,14,IPV4,176.128.43.157,2.0
/Users/vamsisaripudi/Documents/1MTSU/SEM3/Parallel Processing Concepts/Final Project/Codebase/CSCI_6330_Final_Project/data-corpus/test-corpus/log_000007.txt,44,96,203,HIGH_ENTROPY,"""Mozilla/5.0 (Macintosh; PPC Mac OS X 10_8_6; rv:1.9.4.20) Gecko/6755-08-12 21:22:07.455597 Firefox/3.6.15""",5.102305572398357
/Users/vamsisaripudi/Documents/1MTSU/SEM3/Parallel Processing Concepts/Final Project/Codebase/CSCI_6330_Final_Project/data-corpus/test-corpus/log_000007.txt,44,145,153,IPV4,1.9.4.20,2.0
/Users/vamsisaripudi/Documents/1MTSU/SEM3/Parallel Processing Concepts/Final Project/Codebase/CSCI_6330_Final_Project/data-corpus/test-corpus/log_000007.txt,45,0,14,IPV4,207.12.154.204,2.0
/Users/vamsisaripudi/Documents/1MTSU/SEM3/Parallel Processing Concepts/Final Project/Codebase/CSCI_6330_Final_Project/data-corpus/test-corpus/log_000007.txt,45,95,228,HIGH_ENTROPY,"""Mozilla/5.0 (Macintosh; U; PPC Mac OS X 10_8_3 rv:4.0; mag-IN) AppleWebKit/533.45.4 (KHTML, like Gecko) Version/4.1 Safari/533.45.4""",5.276089654798363
/Users/vamsisaripudi/Documents/1MTSU/SEM3/Parallel Processing Concepts/Final Project/Codebase/CSCI_6330_Final_Project/data-corpus/test-corpus/log_000005.txt,1,0,124,HIGH_ENTROPY,"{""ts"":""2025-09-07T18:24:48Z"",""level"":""WARN"",""service"":""billing"",""msg"":""cache miss"",""user"":""wareeric"",""trace"":""VAHhVeECXxGL""}",4.764910984784085
/Users/vamsisaripudi/Documents/1MTSU/SEM3/Parallel Processing Concepts/Final Project/Codebase/CSCI_6330_Final_Project/data-corpus/test-corpus/log_000005.txt,2,0,133,HIGH_ENTROPY,"{""ts"":""2025-09-07T18:24:48Z"",""level"":""INFO"",""service"":""notify"",""msg"":""retrying upstream"",""user"":""craigjoseph"",""trace"":""DP9bdE2zBRgF""}",4.910819067498312
/Users/vamsisaripudi/Documents/1MTSU/SEM3/Parallel Processing Concepts/Final Project/Codebase/CSCI_6330_Final_Project/data-corpus/test-corpus/log_000005.txt,4,42,54,IPV4,172.25.16.90,2.0
/Users/vamsisaripudi/Documents/1MTSU/SEM3/Parallel Processing Concepts/Final Project/Codebase/CSCI_6330_Final_Project/data-corpus/test-corpus/log_000005.txt,6,0,123,HIGH_ENTROPY,"{""ts"":""2025-09-07T18:24:48Z"",""level"":""ERROR"",""service"":""search"",""msg"":""cache miss"",""user"":""keith10"",""trace"":""Av0DzAUguBuQ""}",4.6735069368407824
/Users/vamsisaripudi/Documents/1MTSU/SEM3/Parallel Processing Concepts/Final Project/Codebase/CSCI_6330_Final_Project/data-corpus/test-corpus/log_000005.txt,7,0,132,HIGH_ENTROPY,"{""ts"":""2025-09-07T18:24:48Z"",""level"":""ERROR"",""service"":""billing"",""msg"":""request completed"",""user"":""lburgess"",""trace"":""1ffBgVVxZiJd""}",4.7697893788983095
/Users/vamsisaripudi/Documents/1MTSU/SEM3/Parallel Processing Concepts/Final Project/Codebase/CSCI_6330_Final_Project/data-corpus/test-corpus/log_000005.txt,8,49,62,IPV4,10.117.209.18,2.0
/Users/vamsisaripudi/Documents/1MTSU/SEM3/Parallel Processing Concepts/Final Project/Codebase/CSCI_6330_Final_Project/data-corpus/test-corpus/log_000005.txt,10,0,124,HIGH_ENTROPY,"{""ts"":""2025-09-07T18:24:48Z"",""level"":""DEBUG"",""service"":""search"",""msg"":""cache miss"",""user"":""darius05"",""trace"":""2gw2JxhWrKoZ""}",4.697038476118552
/Users/vamsisaripudi/Documents/1MTSU/SEM3/Parallel Processing Concepts/Final Project/Codebase/CSCI_6330_Final_Project/data-corpus/test-corpus/log_000005.txt,11,0,14,IPV4,111.92.142.144,2.0
/Users/vamsisaripudi/Documents/1MTSU/SEM3/Parallel Processing Concepts/Final Project/Codebase/CSCI_6330_Final_Project/data-corpus/test-corpus/log_000005.txt,11,90,156,HIGH_ENTROPY,"""Mozilla/5.0 (compatible; MSIE 5.0; Windows NT 5.01; Trident/3.0)""",4.822105718403045
/Users/vamsisaripudi/Documents/1MTSU/SEM3/Parallel Processing Concepts/Final Project/Codebase/CSCI_6330_Final_Project/data-corpus/test-corpus/log_000005.txt,12,45,58,IPV4,172.18.132.70,2.0
/Users/vamsisaripudi/Documents/1MTSU/SEM3/Parallel Processing Concepts/Final Project/Codebase/CSCI_6330_Final_Project/data-corpus/test-corpus/log_000005.txt,13,0,126,HIGH_ENTROPY,"{""ts"":""2025-09-07T18:24:48Z"",""level"":""ERROR"",""service"":""billing"",""msg"":""cache miss"",""user"":""jeffrey21"",""trace"":""VObfVHnyADvk""}",4.797062538438756
/Users/vamsisaripudi/Documents/1MTSU/SEM3/Parallel Processing Concepts/Final Project/Codebase/CSCI_6330_Final_Project/data-corpus/test-corpus/log_000005.txt,14,49,62,IPV4,192.168.99.71,2.0
/Users/vamsisaripudi/Documents/1MTSU/SEM3/Parallel Processing Concepts/Final Project/Codebase/CSCI_6330_Final_Project/data-corpus/test-corpus/log_000005.txt,15,0,13,IPV4,80.97.200.138,2.0
/Users/vamsisaripudi/Documents/1MTSU/SEM3/Parallel Processing Concepts/Final Project/Codebase/CSCI_6330_Final_Project/data-corpus/test-corpus/log_000005.txt,15,91,227,HIGH_ENTROPY,"""Mozilla/5.0 (iPad; CPU iPad OS 4_2_1 like Mac OS X) AppleWebKit/536.1 (KHTML, like Gecko) FxiOS/10.9c5527.0 Mobile/79U979 Safari/536.1""",5.15237619445316
/Users/vamsisaripudi/Documents/1MTSU/SEM3/Parallel Processing Concepts/Final Project/Codebase/CSCI_6330_Final_Project/data-corpus/test-corpus/log_000005.txt,18,0,13,IPV4,26.253.113.54,2.0
/Users/vamsisaripudi/Documents/1MTSU/SEM3/Parallel Processing Concepts/Final Project/Codebase/CSCI_6330_Final_Project/data-corpus/test-corpus/log_000005.txt,18,88,224,HIGH_ENTROPY,"""Mozilla/5.0 (iPad; CPU iPad OS 13_5_1 like Mac OS X) AppleWebKit/535.2 (KHTML, like Gecko) CriOS/29.0.892.0 Mobile/20Q377 Safari/535.2""",5.085131731013995
/Users/vamsisaripudi/Documents/1MTSU/SEM3/Parallel Processing Concepts/Final Project/Codebase/CSCI_6330_Final_Project/data-corpus/test-corpus/log_000005.txt,19,0,135,HIGH_ENTROPY,"{""ts"":""2025-09-07T18:24:48Z"",""level"":""WARN"",""service"":""orders"",""msg"":""retrying upstream"",""user"":""mathewaguilar"",""trace"":""haFVBliyIToG""}",4.79680837892115
/Users/vamsisaripudi/Documents/1MTSU/SEM3/Parallel Processing Concepts/Final Project/Codebase/CSCI_6330_Final_Project/data-corpus/test-corpus/log_000005.txt,20,49,63,IPV4,10.158.214.177,2.0
/Users/vamsisaripudi/Documents/1MTSU/SEM3/Parallel Processing Concepts/Final Project/Codebase/CSCI_6330_Final_Project/data-corpus/test-corpus/log_000005.txt,20,88,130,HIGH_ENTROPY,AIzajyM4o3itumpfvnDrfo8biTohcVFTYhg7ZDuLiw,4.927798970294787
/Users/vamsisaripudi/Documents/1MTSU/SEM3/Parallel Processing Concepts/Final Project/Codebase/CSCI_6330_Final_Project/data-corpus/test-corpus/log_000005.txt,21,0,12,IPV4,206.122.6.17,2.0
/Users/vamsisaripudi/Documents/1MTSU/SEM3/Parallel Processing Concepts/Final Project/Codebase/CSCI_6330_Final_Project/data-corpus/test-corpus/log_000005.txt,21,91,202,HIGH_ENTROPY,"""Mozilla/5.0 (Windows; U; Windows NT 5.2) AppleWebKit/534.42.7 (KHTML, like Gecko) Version/4.0 Safari/534.42.7""",5.083063833485743
/Users/vamsisaripudi/Documents/1MTSU/SEM3/Parallel Processing Concepts/Final Project/Codebase/CSCI_6330_Final_Project/data-corpus/test-corpus/log_000005.txt,25,0,136,HIGH_ENTROPY,"{""ts"":""2025-09-07T18:24:48Z"",""level"":""INFO"",""service"":""notify"",""msg"":""token refreshed"",""user"":""jenniferwilliams"",""trace"":""hHGm5XwwU90P""}",4.864543495719876
/Users/vamsisaripudi/Documents/1MTSU/SEM3/Parallel Processing Concepts/Final Project/Codebase/CSCI_6330_Final_Project/data-corpus/test-corpus/log_000010.txt,2,47,61,IPV4,192.168.58.121,2.0
/Users/vamsisaripudi/Documents/1MTSU/SEM3/Parallel Processing Concepts/Final Project/Codebase/CSCI_6330_Final_Project/data-corpus/test-corpus/log_000010.txt,3,51,65,IPV4,10.225.250.204,2.0
/Users/vamsisaripudi/Documents/1MTSU/SEM3/Parallel Processing Concepts/Final Project/Codebase/CSCI_6330_Final_Project/data-corpus/test-corpus/log_000010.txt,4,0,132,HIGH_ENTROPY,"{""ts"":""2025-09-07T18:24:48Z"",""level"":""WARN"",""service"":""billing"",""msg"":""token refreshed"",""user"":""kennethkidd"",""trace"":""2PWcfzyyJEdO""}",4.831119619693587
/Users/vamsisaripudi/Documents/1MTSU/SEM3/Parallel Processing Concepts/Final Project/Codebase/CSCI_6330_Final_Project/data-corpus/test-corpus/log_000010.txt,4,141,183,HIGH_ENTROPY,AIzabWo_tcQf2F-8X4KL_ABJDTXSxEGofJWKpDo1_Q,4.784941827437643
/Users/vamsisaripudi/Documents/1MTSU/SEM3/Parallel Processing Concepts/Final Project/Codebase/CSCI_6330_Final_Project/data-corpus/test-corpus/log_000010.txt,7,0,127,HIGH_ENTROPY,"{""ts"":""2025-09-07T18:24:48Z"",""level"":""WARN"",""service"":""billing"",""msg"":""cache miss"",""user"":""lindahudson"",""trace"":""LjW0T0z7etkK""}",4.7847194593684215
/Users/vamsisaripudi/Documents/1MTSU/SEM3/Parallel Processing Concepts/Final Project/Codebase/CSCI_6330_Final_Project/data-corpus/test-corpus/log_000010.txt,9,0,13,IPV4,120.195.5.105,2.0
/Users/vamsisaripudi/Documents/1MTSU/SEM3/Parallel Processing Concepts/Final Project/Codebase/CSCI_6330_Final_Project/data-corpus/test-corpus/log_000010.txt,9,89,226,HIGH_ENTROPY,"""Mozilla/5.0 (iPad; CPU iPad OS 14_8_1 like Mac OS X) AppleWebKit/532.2 (KHTML, like Gecko) FxiOS/10.6u7294.0 Mobile/23Y253 Safari/532.2""",5.182274853455272
/Users/vamsisaripudi/Documents/1MTSU/SEM3/Parallel Processing Concepts/Final Project/Codebase/CSCI_6330_Final_Project/data-corpus/test-corpus/log_000010.txt,10,0,13,IPV4,59.127.69.198,2.0
/Users/vamsisaripudi/Documents/1MTSU/SEM3/Parallel Processing Concepts/Final Project/Codebase/CSCI_6330_Final_Project/data-corpus/test-corpus/log_000010.txt,10,92,160,HIGH_ENTROPY,"""Mozilla/5.0 (Android 3.2; Mobile; rv:11.0) Gecko/11.0 Firefox/11.0""",4.657192532924143
/Users/vamsisaripudi/Documents/1MTSU/SEM3/Parallel Processing Concepts/Final Project/Codebase/CSCI_6330_Final_Project/data-corpus/test-corpus/log_000010.txt,11,54,68,IPV4,192.168.48.187,2.0
/Users/vamsisaripudi/Documents/1MTSU/SEM3/Parallel Processing Concepts/Final Project/Codebase/CSCI_6330_Final_Project/data-corpus/test-corpus/log_000010.txt,14,0,132,HIGH_ENTROPY,"{""ts"":""2025-09-07T18:24:48Z"",""level"":""ERROR"",""service"":""auth"",""msg"":""token refreshed"",""user"":""edwardsnicole"",""trace"":""yuxgfa8tCxWr""}",4.760467676548809
/Users/vamsisaripudi/Documents/1MTSU/SEM3/Parallel Processing Concepts/Final Project/Codebase/CSCI_6330_Final_Project/data-corpus/test-corpus/log_000010.txt,15,0,14,IPV4,72.133.119.192,2.0
/Users/vamsisaripudi/Documents/1MTSU/SEM3/Parallel Processing Concepts/Final Project/Codebase/CSCI_6330_Final_Project/data-corpus/test-corpus/log_000010.txt,15,87,176,HIGH_ENTROPY,"""Mozilla/5.0 (X11; Linux i686; rv:1.9.5.20) Gecko/5526-05-24 23:28:42.083649 Firefox/3.8""",4.916070510174549
/Users/vamsisaripudi/Documents/1MTSU/SEM3/Parallel Processing Concepts/Final Project/Codebase/CSCI_6330_Final_Project/data-corpus/test-corpus/log_000010.txt,15,121,129,IPV4,1.9.5.20,2.0
/Users/vamsisaripudi/Documents/1MTSU/SEM3/Parallel Processing Concepts/Final Project/Codebase/CSCI_6330_Final_Project/data-corpus/test-corpus/log_000010.txt,17,44,56,IPV4,192.168.6.45,2.0
/Users/vamsisaripudi/Documents/1MTSU/SEM3/Parallel Processing Concepts/Final Project/Codebase/CSCI_6330_Final_Project/data-corpus/test-corpus/log_000010.txt,18,0,15,IPV4,221.119.182.205,2.0
/Users/vamsisaripudi/Documents/1MTSU/SEM3/Parallel Processing Concepts/Final Project/Codebase/CSCI_6330_Final_Project/data-corpus/test-corpus/log_000010.txt,18,94,159,HIGH_ENTROPY,"""Mozilla/5.0 (compatible; MSIE 9.0; Windows NT 6.1; Trident/3.1)""",4.91596555209163
/Users/vamsisaripudi/Documents/1MTSU/SEM3/Parallel Processing Concepts/Final Project/Codebase/CSCI_6330_Final_Project/data-corpus/test-corpus/log_000010.txt,19,0,134,HIGH_ENTROPY,"{""ts"":""2025-09-07T18:24:48Z"",""level"":""DEBUG"",""service"":""orders"",""msg"":""retrying upstream"",""user"":""smithcarlos"",""trace"":""rFjekBrAtEYe""}",4.733624835075412
/Users/vamsisaripudi/Documents/1MTSU/SEM3/Parallel Processing Concepts/Final Project/Codebase/CSCI_6330_Final_Project/data-corpus/test-corpus/log_000010.txt,20,0,133,HIGH_ENTROPY,"{""ts"":""2025-09-07T18:24:48Z"",""level"":""ERROR"",""service"":""notify"",""msg"":""user session created"",""user"":""jason06"",""trace"":""mDgita8zv1Ny""}",4.755276120331138
/Users/vamsisaripudi/Documents/1MTSU/SEM3/Parallel Processing Concepts/Final Project/Codebase/CSCI_6330_Final_Project/data-corpus/test-corpus/log_000010.txt,21,43,58,IPV4,192.168.212.179,2.0
/Users/vamsisaripudi/Documents/1MTSU/SEM3/Parallel Processing Concepts/Final Project/Codebase/CSCI_6330_Final_Project/data-corpus/test-corpus/log_000010.txt,22,0,138,HIGH_ENTROPY,"{""ts"":""2025-09-07T18:24:48Z"",""level"":""WARN"",""service"":""orders"",""msg"":""user session created"",""user"":""joshuacollins"",""trace"":""8SmEul9z9usV""}",4.69637216530114
/Users/vamsisaripudi/Documents/1MTSU/SEM3/Parallel Processing Concepts/Final Project/Codebase/CSCI_6330_Final_Project/data-corpus/test-corpus/log_000010.txt,25,0,13,IPV4,17.194.203.98,2.0
/Users/vamsisaripudi/Documents/1MTSU/SEM3/Parallel Processing Concepts/Final Project/Codebase/CSCI_6330_Final_Project/data-corpus/test-corpus/log_000010.txt,25,101,162,HIGH_ENTROPY,"""Mozilla/5.0 (compatible; MSIE 6.0; Windows 98; Trident/3.0)""",4.893291230757242
/Users/vamsisaripudi/Documents/1MTSU/SEM3/Parallel Processing Concepts/Final Project/Codebase/CSCI_6330_Final_Project/data-corpus/test-corpus/log_000004.txt,3,0,13,IPV4,198.151.35.25,2.0
/Users/vamsisaripudi/Documents/1MTSU/SEM3/Parallel Processing Concepts/Final Project/Codebase/CSCI_6330_Final_Project/data-corpus/test-corpus/log_000004.txt,3,92,158,HIGH_ENTROPY,"""Opera/9.13.(X11; Linux i686; tr-CY) Presto/2.9.174 Version/10.00""",4.864871824934755
/Users/vamsisaripudi/Documents/1MTSU/SEM3/Parallel Processing Concepts/Final Project/Codebase/CSCI_6330_Final_Project/data-corpus/test-corpus/log_000004.txt,6,0,132,HIGH_ENTROPY,"{""ts"":""2025-09-07T18:24:48Z"",""level"":""WARN"",""service"":""search"",""msg"":""token refreshed"",""user"":""tyleraguilar"",""trace"":""FsQ8z0WJcDfu""}",4.752087774954727
/Users/vamsisaripudi/Documents/1MTSU/SEM3/Parallel Processing Concepts/Final Project/Codebase/CSCI_6330_Final_Project/data-corpus/test-corpus/log_000004.txt,7,0,13,IPV4,116.16.74.139,2.0
/Users/vamsisaripudi/Documents/1MTSU/SEM3/Parallel Processing Concepts/Final Project/Codebase/CSCI_6330_Final_Project/data-corpus/test-corpus/log_000004.txt,7,95,160,HIGH_ENTROPY,"""Opera/8.19.(Windows NT 6.1; ak-GH) Presto/2.9.188 Version/11.00""",4.803008105856435
/Users/vamsisaripudi/Documents/1MTSU/SEM3/Parallel Processing Concepts/Final Project/Codebase/CSCI_6330_Final_Project/data-corpus/test-corpus/log_000004.txt,9,0,13,IPV4,25.170.251.16,2.0
/Users/vamsisaripudi/Documents/1MTSU/SEM3/Parallel Processing Concepts/Final Project/Codebase/CSCI_6330_Final_Project/data-corpus/test-corpus/log_000004.txt,9,91,198,HIGH_ENTROPY,"""Mozilla/5.0 (Macintosh; PPC Mac OS X 10_6_0; rv:1.9.4.20) Gecko/2862-02-27 17:41:31.634666 Firefox/3.6.13""",5.072910740363528
/Users/vamsisaripudi/Documents/1MTSU/SEM3/Parallel Processing Concepts/Final Project/Codebase/CSCI_6330_Final_Project/data-corpus/test-corpus/log_000004.txt,9,140,148,IPV4,1.9.4.20,2.0
/Users/vamsisaripudi/Documents/1MTSU/SEM3/Parallel Processing Concepts/Final Project/Codebase/CSCI_6330_Final_Project/data-corpus/test-corpus/log_000004.txt,11,0,129,HIGH_ENTROPY,"{""ts"":""2025-09-07T18:24:48Z"",""level"":""WARN"",""service"":""notify"",""msg"":""request completed"",""user"":""maria47"",""trace"":""JAfo16hD8hP1""}",4.840679151642427
/Users/vamsisaripudi/Documents/1MTSU/SEM3/Parallel Processing Concepts/Final Project/Codebase/CSCI_6330_Final_Project/data-corpus/test-corpus/log_000004.txt,12,52,66,IPV4,172.26.214.193,2.0
/Users/vamsisaripudi/Documents/1MTSU/SEM3/Parallel Processing Concepts/Final Project/Codebase/CSCI_6330_Final_Project/data-corpus/test-corpus/log_000004.txt,14,0,129,HIGH_ENTROPY,"{""ts"":""2025-09-07T18:24:48Z"",""level"":""INFO"",""service"":""orders"",""msg"":""db slow query"",""user"":""gibsonemily"",""trace"":""v7YGr0asUt1L""}",4.797242856431425
/Users/vamsisaripudi/Documents/1MTSU/SEM3/Parallel Processing Concepts/Final Project/Codebase/CSCI_6330_Final_Project/data-corpus/test-corpus/log_000004.txt,17,0,135,HIGH_ENTROPY,"{""ts"":""2025-09-07T18:24:48Z"",""level"":""ERROR"",""service"":""billing"",""msg"":""retrying upstream"",""user"":""deborahreid"",""trace"":""VET6ZyyQY0Pj""}",4.855617523715209
/Users/vamsisaripudi/Documents/1MTSU/SEM3/Parallel Processing Concepts/Final Project/Codebase/CSCI_6330_Final_Project/data-corpus/test-corpus/log_000004.txt,18,0,14,IPV4,25.171.138.184,2.0
/Users/vamsisaripudi/Documents/1MTSU/SEM3/Parallel Processing Concepts/Final Project/Codebase/CSCI_6330_Final_Project/data-corpus/test-corpus/log_000004.txt,18,94,168,HIGH_ENTROPY,"""Opera/8.22.(Windows 98; Win 9x 4.90; be-BY) Presto/2.9.169 Version/11.00""",4.782900832485191
/Users/vamsisaripudi/Documents/1MTSU/SEM3/Parallel Processing Concepts/Final Project/Codebase/CSCI_6330_Final_Project/data-corpus/test-corpus/log_000004.txt,20,0,131,HIGH_ENTROPY,"{""ts"":""2025-09-07T18:24:48Z"",""level"":""INFO"",""service"":""search"",""msg"":""retrying upstream"",""user"":""umatthews"",""trace"":""vNSzPf2v2R2I""}",4.72647574682957
/Users/vamsisaripudi/Documents/1MTSU/SEM3/Parallel Processing Concepts/Final Project/Codebase/CSCI_6330_Final_Project/data-corpus/test-corpus/log_000004.txt,21,45,58,IPV4,10.50.178.246,2.0
/Users/vamsisaripudi/Documents/1MTSU/SEM3/Parallel Processing Concepts/Final Project/Codebase/CSCI_6330_Final_Project/data-corpus/test-corpus/log_000004.txt,22,0,128,HIGH_ENTROPY,"{""ts"":""2025-09-07T18:24:48Z"",""level"":""WARN"",""service"":""auth"",""msg"":""token refreshed"",""user"":""vaughnjeff"",""trace"":""fBgWOT3gCkSt""}",4.804213009898079
/Users/vamsisaripudi/Documents/1MTSU/SEM3/Parallel Processing Concepts/Final Project/Codebase/CSCI_6330_Final_Project/data-corpus/test-corpus/log_000004.txt,23,0,12,IPV4,23.142.60.23,2.0
/Users/vamsisaripudi/Documents/1MTSU/SEM3/Parallel Processing Concepts/Final Project/Codebase/CSCI_6330_Final_Project/data-corpus/test-corpus/log_000004.txt,23,88,153,HIGH_ENTROPY,"""Mozilla/5.0 (compatible; MSIE 5.0; Windows NT 6.1; Trident/4.1)""",4.8851963213223994
/Users/vamsisaripudi/Documents/1MTSU/SEM3/Parallel Processing Concepts/Final Project/Codebase/CSCI_6330_Final_Project/data-corpus/test-corpus/log_000004.txt,24,0,131,HIGH_ENTROPY,"{""ts"":""2025-09-07T18:24:48Z"",""level"":""DEBUG"",""service"":""notify"",""msg"":""db slow query"",""user"":""sandersjames"",""trace"":""KRYlklfN3yNR""}",4.932875032343435
/Users/vamsisaripudi/Documents/1MTSU/SEM3/Parallel Processing Concepts/Final Project/Codebase/CSCI_6330_Final_Project/data-corpus/test-corpus/log_000004.txt,25,0,132,HIGH_ENTROPY,"{""ts"":""2025-09-07T18:24:48Z"",""level"":""DEBUG"",""service"":""search"",""msg"":""token refreshed"",""user"":""rushmadison"",""trace"":""qDqQa5ZD5sRI""}",4.777973586939643
/Users/vamsisaripudi/Documents/1MTSU/SEM3/Parallel Processing Concepts/Final Project/Codebase/CSCI_6330_Final_Project/data-corpus/test-corpus/log_000004.txt,27,52,65,IPV4,10.105.16.180,2.0
/Users/vamsisaripudi/Documents/1MTSU/SEM3/Parallel Processing Concepts/Final Project/Codebase/CSCI_6330_Final_Project/data-corpus/test-corpus/log_000004.txt,30,52,66,IPV4,192.168.67.123,2.0
/Users/vamsisaripudi/Documents/1MTSU/SEM3/Parallel Processing Concepts/Final Project/Codebase/CSCI_6330_Final_Project/data-corpus/test-corpus/log_000004.txt,31,45,58,IPV4,192.168.89.54,2.0
/Users/vamsisaripudi/Documents/1MTSU/SEM3/Parallel Processing Concepts/Final Project/Codebase/CSCI_6330_Final_Project/data-corpus/test-corpus/log_000004.txt,32,48,62,IPV4,10.243.214.130,2.0
/Users/vamsisaripudi/Documents/1MTSU/SEM3/Parallel Processing Concepts/Final Project/Codebase/CSCI_6330_Final_Project/data-corpus/test-corpus/log_000004.txt,33,0,134,HIGH_ENTROPY,"{""ts"":""2025-09-07T18:24:48Z"",""level"":""INFO"",""service"":""orders"",""msg"":""retrying upstream"",""user"":""hayesjeffrey"",""trace"":""VAlmiYI4xHG6""}",4.83558023534516
/Users/vamsisaripudi/Documents/1MTSU/SEM3/Parallel Processing Concepts/Final Project/Codebase/CSCI_6330_Final_Project/data-corpus/test-corpus/log_000004.txt,34,0,134,HIGH_ENTROPY,"{""ts"":""2025-09-07T18:24:48Z"",""level"":""WARN"",""service"":""search"",""msg"":""retrying upstream"",""user"":""acostaregina"",""trace"":""V3vZhD9ejW9o""}",4.730248046854022
/Users/vamsisaripudi/Documents/1MTSU/SEM3/Parallel Processing Concepts/Final Project/Codebase/CSCI_6330_Final_Project/data-corpus/test-corpus/log_000004.txt,37,0,137,HIGH_ENTROPY,"{""ts"":""2025-09-07T18:24:48Z"",""level"":""ERROR"",""service"":""billing"",""msg"":""user session created"",""user"":""charlene12"",""trace"":""48Ju6NoPeO0D""}",4.731914675504416
/Users/vamsisaripudi/Documents/1MTSU/SEM3/Parallel Processing Concepts/Final Project/Codebase/CSCI_6330_Final_Project/data-corpus/test-corpus/log_000004.txt,38,42,56,IPV4,172.26.103.235,2.0
/Users/vamsisaripudi/Documents/1MTSU/SEM3/Parallel Processing Concepts/Final Project/Codebase/CSCI_6330_Final_Project/data-corpus/test-corpus/log_000004.txt,38,81,123,HIGH_ENTROPY,AIzaz_9OLeo5zdKTTvqJRZzjoWlHL9rXyDd8Be3gTg,4.802915339393916
/Users/vamsisaripudi/Documents/1MTSU/SEM3/Parallel Processing Concepts/Final Project/Codebase/CSCI_6330_Final_Project/data-corpus/test-corpus/log_000004.txt,42,56,69,IPV4,10.242.211.61,2.0
/Users/vamsisaripudi/Documents/1MTSU/SEM3/Parallel Processing Concepts/Final Project/Codebase/CSCI_6330_Final_Project/data-corpus/test-corpus/log_000004.txt,43,52,66,IPV4,172.27.236.185,2.0
/Users/vamsisaripudi/Documents/1MTSU/SEM3/Parallel Processing Concepts/Final Project/Codebase/CSCI_6330_Final_Project/data-corpus/test-corpus/log_000004.txt,44,0,12,IPV4,3.81.142.183,2.0
/Users/vamsisaripudi/Documents/1MTSU/SEM3/Parallel Processing Concepts/Final Project/Codebase/CSCI_6330_Final_Project/data-corpus/test-corpus/log_000004.txt,44,91,227,HIGH_ENTROPY,"""Mozilla/5.0 (iPad; CPU iPad OS 11_4_1 like Mac OS X) AppleWebKit/534.1 (KHTML, like Gecko) CriOS/40.0.871.0 Mobile/60L494 Safari/534.1""",5.068479800819212
/Users/vamsisaripudi/Documents/1MTSU/SEM3/Parallel Processing Concepts/Final Project/Codebase/CSCI_6330_Final_Project/data-corpus/test-corpus/log_000004.txt,45,0,14,IPV4,129.174.36.140,2.0
/Users/vamsisaripudi/Documents/1MTSU/SEM3/Parallel Processing Concepts/Final Project/Codebase/CSCI_6330_Final_Project/data-corpus/test-corpus/log_000004.txt,45,92,220,HIGH_ENTROPY,"""Mozilla/5.0 (Macintosh; PPC Mac OS X 10_11_1 rv:3.0; li-BE) AppleWebKit/533.2.2 (KHTML, like Gecko) Version/5.1 Safari/533.2.2""",5.195946853935255
/Users/vamsisaripudi/Documents/1MTSU/SEM3/Parallel Processing Concepts/Final Project/Codebase/CSCI_6330_Final_Project/data-corpus/test-corpus/log_000004.txt,46,0,124,HIGH_ENTROPY,"{""ts"":""2025-09-07T18:24:48Z"",""level"":""INFO"",""service"":""notify"",""msg"":""cache miss"",""user"":""xpeterson"",""trace"":""Ln03ovXjY5Ma""}",4.806140867063413
/Users/vamsisaripudi/Documents/1MTSU/SEM3/Parallel Processing Concepts/Final Project/Codebase/CSCI_6330_Final_Project/data-corpus/test-corpus/log_000004.txt,47,0,133,HIGH_ENTROPY,"{""ts"":""2025-09-07T18:24:48Z"",""level"":""DEBUG"",""service"":""notify"",""msg"":""retrying upstream"",""user"":""jennifer99"",""trace"":""ZlhQ3biawYYp""}",4.866388714981271
/Users/vamsisaripudi/Documents/1MTSU/SEM3/Parallel Processing Concepts/Final Project/Codebase/CSCI_6330_Final_Project/data-corpus/test-corpus/log_000001.txt,1,0,15,IPV4,129.153.198.180,2.0
/Users/vamsisaripudi/Documents/1MTSU/SEM3/Parallel Processing Concepts/Final Project/Codebase/CSCI_6330_Final_Project/data-corpus/test-corpus/log_000001.txt,1,100,161,HIGH_ENTROPY,"""Mozilla/5.0 (compatible; MSIE 6.0; Windows CE; Trident/3.0)""",4.86050434551134
/Users/vamsisaripudi/Documents/1MTSU/SEM3/Parallel Processing Concepts/Final Project/Codebase/CSCI_6330_Final_Project/data-corpus/test-corpus/log_000001.txt,2,0,15,IPV4,133.144.103.224,2.0
/Users/vamsisaripudi/Documents/1MTSU/SEM3/Parallel Processing Concepts/Final Project/Codebase/CSCI_6330_Final_Project/data-corpus/test-corpus/log_000001.txt,2,93,222,HIGH_ENTROPY,"""Mozilla/5.0 (Macintosh; PPC Mac OS X 10_11_3 rv:5.0; raj-IN) AppleWebKit/534.3.1 (KHTML, like Gecko) Version/4.0 Safari/534.3.1""",5.2258574895356515
/Users/vamsisaripudi/Documents/1MTSU/SEM3/Parallel Processing Concepts/Final Project/Codebase/CSCI_6330_Final_Project/data-corpus/test-corpus/log_000001.txt,2,231,273,HIGH_ENTROPY,AIzaz4vT6vn97eRd1sZDzE-JwDi4TQ-q7Acm7MBB6w,4.737322779818597
/Users/vamsisaripudi/Documents/1MTSU/SEM3/Parallel Processing Concepts/Final Project/Codebase/CSCI_6330_Final_Project/data-corpus/test-corpus/log_000001.txt,3,0,14,IPV4,124.220.123.53,2.0
/Users/vamsisaripudi/Documents/1MTSU/SEM3/Parallel Processing Concepts/Final Project/Codebase/CSCI_6330_Final_Project/data-corpus/test-corpus/log_000001.txt,3,100,161,HIGH_ENTROPY,"""Mozilla/5.0 (compatible; MSIE 5.0; Windows 98; Trident/4.0)""",4.86050434551134
/Users/vamsisaripudi/Documents/1MTSU/SEM3/Parallel Processing Concepts/Final Project/Codebase/CSCI_6330_Final_Project/data-corpus/test-corpus/log_000001.txt,4,51,65,IPV4,172.24.118.244,2.0
/Users/vamsisaripudi/Documents/1MTSU/SEM3/Parallel Processing Concepts/Final Project/Codebase/CSCI_6330_Final_Project/data-corpus/test-corpus/log_000001.txt,5,47,60,IPV4,172.25.97.183,2.0
/Users/vamsisaripudi/Documents/1MTSU/SEM3/Parallel Processing Concepts/Final Project/Codebase/CSCI_6330_Final_Project/data-corpus/test-corpus/log_000001.txt,6,0,13,IPV4,146.133.85.19,2.0
/Users/vamsisaripudi/Documents/1MTSU/SEM3/Parallel Processing Concepts/Final Project/Codebase/CSCI_6330_Final_Project/data-corpus/test-corpus/log_000001.txt,6,92,194,HIGH_ENTROPY,"""Mozilla/5.0 (X11; Linux x86_64) AppleWebKit/532.0 (KHTML, like Gecko) Chrome/26.0.885.0 Safari/532.0""",5.195538489506443
/Users/vamsisaripudi/Documents/1MTSU/SEM3/Parallel Processing Concepts/Final Project/Codebase/CSCI_6330_Final_Project/data-corpus/test-corpus/log_000001.txt,7,46,59,IPV4,10.161.131.15,2.0
/Users/vamsisaripudi/Documents/1MTSU/SEM3/Parallel Processing Concepts/Final Project/Codebase/CSCI_6330_Final_Project/data-corpus/test-corpus/log_000001.txt,9,0,14,IPV4,121.249.23.215,2.0
/Users/vamsisaripudi/Documents/1MTSU/SEM3/Parallel Processing Concepts/Final Project/Codebase/CSCI_6330_Final_Project/data-corpus/test-corpus/log_000001.txt,9,93,241,HIGH_ENTROPY,"""Mozilla/5.0 (iPod; U; CPU iPhone OS 3_1 like Mac OS X; ml-IN) AppleWebKit/535.17.6 (KHTML, like Gecko) Version/3.0.5 Mobile/8B117 Safari/6535.17.6""",5.19824323104613
/Users/vamsisaripudi/Documents/1MTSU/SEM3/Parallel Processing Concepts/Final Project/Codebase/CSCI_6330_Final_Project/data-corpus/test-corpus/log_000001.txt,10,0,13,IPV4,88.108.115.72,2.0
/Users/vamsisaripudi/Documents/1MTSU/SEM3/Parallel Processing Concepts/Final Project/Codebase/CSCI_6330_Final_Project/data-corpus/test-corpus/log_000001.txt,10,94,243,HIGH_ENTROPY,"""Mozilla/5.0 (iPod; U; CPU iPhone OS 3_3 like Mac OS X; wal-ET) AppleWebKit/534.34.3 (KHTML, like Gecko) Version/3.0.5 Mobile/8B115 Safari/6534.34.3""",5.146829490951952
/Users/vamsisaripudi/Documents/1MTSU/SEM3/Parallel Processing Concepts/Final Project/Codebase/CSCI_6330_Final_Project/data-corpus/test-corpus/log_000001.txt,11,0,131,HIGH_ENTROPY,"{""ts"":""2025-09-07T18:24:48Z"",""level"":""WARN"",""service"":""orders"",""msg"":""cache miss"",""user"":""williamrodriguez"",""trace"":""QrS7RPeMOkIU""}",4.810913868880107
/Users/vamsisaripudi/Documents/1MTSU/SEM3/Parallel Processing Concepts/Final Project/Codebase/CSCI_6330_Final_Project/data-corpus/test-corpus/log_000001.txt,13,0,14,IPV4,218.95.124.135,2.0
/Users/vamsisaripudi/Documents/1MTSU/SEM3/Parallel Processing Concepts/Final Project/Codebase/CSCI_6330_Final_Project/data-corpus/test-corpus/log_000001.txt,13,91,152,HIGH_ENTROPY,"""Opera/8.82.(Windows 98; lo-LA) Presto/2.9.167 Version/10.00""",4.8137051164576805
/Users/vamsisaripudi/Documents/1MTSU/SEM3/Parallel Processing Concepts/Final Project/Codebase/CSCI_6330_Final_Project/data-corpus/test-corpus/log_000001.txt,14,0,128,HIGH_ENTROPY,"{""ts"":""2025-09-07T18:24:48Z"",""level"":""WARN"",""service"":""auth"",""msg"":""token refreshed"",""user"":""millertodd"",""trace"":""Fz46PDjqipVJ""}",4.873390767493963
/Users/vamsisaripudi/Documents/1MTSU/SEM3/Parallel Processing Concepts/Final Project/Codebase/CSCI_6330_Final_Project/data-corpus/test-corpus/log_000001.txt,16,0,13,IPV4,123.98.150.36,2.0
/Users/vamsisaripudi/Documents/1MTSU/SEM3/Parallel Processing Concepts/Final Project/Codebase/CSCI_6330_Final_Project/data-corpus/test-corpus/log_000001.txt,16,88,229,HIGH_ENTROPY,"""Mozilla/5.0 (iPhone; CPU iPhone OS 17_4_1 like Mac OS X) AppleWebKit/536.2 (KHTML, like Gecko) FxiOS/11.3r1509.0 Mobile/57H871 Safari/536.2""",5.192623962807568
/Users/vamsisaripudi/Documents/1MTSU/SEM3/Parallel Processing Concepts/Final Project/Codebase/CSCI_6330_Final_Project/data-corpus/test-corpus/log_000001.txt,17,0,13,IPV4,143.141.68.74,2.0
/Users/vamsisaripudi/Documents/1MTSU/SEM3/Parallel Processing Concepts/Final Project/Codebase/CSCI_6330_Final_Project/data-corpus/test-corpus/log_000001.txt,17,88,156,HIGH_ENTROPY,"""Opera/9.55.(X11; Linux x86_64; fr-CA) Presto/2.9.163 Version/12.00""",4.977404849259692
/Users/vamsisaripudi/Documents/1MTSU/SEM3/Parallel Processing Concepts/Final Project/Codebase/CSCI_6330_Final_Project/data-corpus/test-corpus/log_000001.txt,18,52,66,IPV4,172.17.187.197,2.0
/Users/vamsisaripudi/Documents/1MTSU/SEM3/Parallel Processing Concepts/Final Project/Codebase/CSCI_6330_Final_Project/data-corpus/test-corpus/log_000001.txt,19,44,55,IPV4,10.97.99.15,2.0
/Users/vamsisaripudi/Documents/1MTSU/SEM3/Parallel Processing Concepts/Final Project/Codebase/CSCI_6330_Final_Project/data-corpus/test-corpus/log_000001.txt,21,50,61,IPV4,10.7.142.87,2.0
/Users/vamsisaripudi/Documents/1MTSU/SEM3/Parallel Processing Concepts/Final Project/Codebase/CSCI_6330_Final_Project/data-corpus/test-corpus/log_000001.txt,22,0,14,IPV4,111.197.47.161,2.0
/Users/vamsisaripudi/Documents/1MTSU/SEM3/Parallel Processing Concepts/Final Project/Codebase/CSCI_6330_Final_Project/data-corpus/test-corpus/log_000001.txt,22,85,151,HIGH_ENTROPY,"""Opera/8.59.(Windows NT 11.0; ml-IN) Presto/2.9.165 Version/11.00""",4.843509559264799
/Users/vamsisaripudi/Documents/1MTSU/SEM3/Parallel Processing Concepts/Final Project/Codebase/CSCI_6330_Final_Project/data-corpus/test-corpus/log_000001.txt,23,46,60,IPV4,172.30.143.109,2.0
/Users/vamsisaripudi/Documents/1MTSU/SEM3/Parallel Processing Concepts/Final Project/Codebase/CSCI_6330_Final_Project/data-corpus/test-corpus/log_000001.txt,24,0,14,IPV4,108.191.80.181,2.0
/Users/vamsisaripudi/Documents/1MTSU/SEM3/Parallel Processing Concepts/Final Project/Codebase/CSCI_6330_Final_Project/data-corpus/test-corpus/log_000001.txt,24,99,205,HIGH_ENTROPY,"""Mozilla/5.0 (Macintosh; Intel Mac OS X 10_6_6; rv:1.9.6.20) Gecko/7986-04-28 14:32:54.619049 Firefox/3.8""",5.128890153396133
/Users/vamsisaripudi/Documents/1MTSU/SEM3/Parallel Processing Concepts/Final Project/Codebase/CSCI_6330_Final_Project/data-corpus/test-corpus/log_000001.txt,24,150,158,IPV4,1.9.6.20,2.0
/Users/vamsisaripudi/Documents/1MTSU/SEM3/Parallel Processing Concepts/Final Project/Codebase/CSCI_6330_Final_Project/data-corpus/test-corpus/log_000001.txt,25,0,135,HIGH_ENTROPY,"{""ts"":""2025-09-07T18:24:48Z"",""level"":""DEBUG"",""service"":""search"",""msg"":""user session created"",""user"":""panderson"",""trace"":""kqH3MB9n7IWU""}",4.796788053271826
/Users/vamsisaripudi/Documents/1MTSU/SEM3/Parallel Processing Concepts/Final Project/Codebase/CSCI_6330_Final_Project/data-corpus/test-corpus/log_000001.txt,26,49,61,IPV4,172.18.82.69,2.0
/Users/vamsisaripudi/Documents/1MTSU/SEM3/Parallel Processing Concepts/Final Project/Codebase/CSCI_6330_Final_Project/data-corpus/test-corpus/log_000001.txt,28,0,134,HIGH_ENTROPY,"{""ts"":""2025-09-07T18:24:48Z"",""level"":""DEBUG"",""service"":""billing"",""msg"":""request completed"",""user"":""suarezmike"",""trace"":""TOdoe5c3veGp""}",4.771647378035618
/Users/vamsisaripudi/Documents/1MTSU/SEM3/Parallel Processing Concepts/Final Project/Codebase/CSCI_6330_Final_Project/data-corpus/test-corpus/log_000001.txt,30,0,136,HIGH_ENTROPY,"{""ts"":""2025-09-07T18:24:48Z"",""level"":""INFO"",""service"":""billing"",""msg"":""token refreshed"",""user"":""contrerasangela"",""trace"":""BwBAD3UdRPPg""}",4.8635015144693154
/Users/vamsisaripudi/Documents/1MTSU/SEM3/Parallel Processing Concepts/Final Project/Codebase/CSCI_6330_Final_Project/data-corpus/test-corpus/log_000001.txt,31,49,63,IPV4,192.168.68.193,2.0
/Users/vamsisaripudi/Documents/1MTSU/SEM3/Parallel Processing Concepts/Final Project/Codebase/CSCI_6330_Final_Project/data-corpus/test-corpus/log_000001.txt,33,0,12,IPV4,12.4.151.183,2.0
/Users/vamsisaripudi/Documents/1MTSU/SEM3/Parallel Processing Concepts/Final Project/Codebase/CSCI_6330_Final_Project/data-corpus/test-corpus/log_000001.txt,33,93,193,HIGH_ENTROPY,"""Mozilla/5.0 (X11; Linux i686) AppleWebKit/531.2 (KHTML, like Gecko) Chrome/53.0.833.0 Safari/531.2""",5.11352800500474
/Users/vamsisaripudi/Documents/1MTSU/SEM3/Parallel Processing Concepts/Final Project/Codebase/CSCI_6330_Final_Project/data-corpus/test-corpus/log_000001.txt,34,0,13,IPV4,34.141.163.57,2.0
/Users/vamsisaripudi/Documents/1MTSU/SEM3/Parallel Processing Concepts/Final Project/Codebase/CSCI_6330_Final_Project/data-corpus/test-corpus/log_000001.txt,34,88,153,HIGH_ENTROPY,"""Mozilla/5.0 (compatible; MSIE 6.0; Windows NT 6.1; Trident/3.0)""",4.873582667442961
/Users/vamsisaripudi/Documents/1MTSU/SEM3/Parallel Processing Concepts/Final Project/Codebase/CSCI_6330_Final_Project/data-corpus/test-corpus/log_000001.txt,35,0,127,HIGH_ENTROPY,"{""ts"":""2025-09-07T18:24:48Z"",""level"":""ERROR"",""service"":""billing"",""msg"":""cache miss"",""user"":""kimberly69"",""trace"":""yayq7YYDsBS9""}",4.78550580165275
/Users/vamsisaripudi/Documents/1MTSU/SEM3/Parallel Processing Concepts/Final Project/Codebase/CSCI_6330_Final_Project/data-corpus/test-corpus/log_000001.txt,37,0,13,IPV4,85.66.134.209,2.0
/Users/vamsisaripudi/Documents/1MTSU/SEM3/Parallel Processing Concepts/Final Project/Codebase/CSCI_6330_Final_Project/data-corpus/test-corpus/log_000001.txt,37,89,155,HIGH_ENTROPY,"""Opera/8.58.(X11; Linux i686; id-ID) Presto/2.9.185 Version/12.00""",4.840091945792335
/Users/vamsisaripudi/Documents/1MTSU/SEM3/Parallel Processing Concepts/Final Project/Codebase/CSCI_6330_Final_Project/data-corpus/test-corpus/log_000001.txt,38,0,137,HIGH_ENTROPY,"{""ts"":""2025-09-07T18:24:48Z"",""level"":""INFO"",""service"":""notify"",""msg"":""request completed"",""user"":""garrisonjeffrey"",""trace"":""2leMeR3pzh84""}",4.813310755596565
/Users/vamsisaripudi/Documents/1MTSU/SEM3/Parallel Processing Concepts/Final Project/Codebase/CSCI_6330_Final_Project/data-corpus/test-corpus/log_000001.txt,39,0,14,IPV4,167.93.102.237,2.0
/Users/vamsisaripudi/Documents/1MTSU/SEM3/Parallel Processing Concepts/Final Project/Codebase/CSCI_6330_Final_Project/data-corpus/test-corpus/log_000001.txt,39,86,152,HIGH_ENTROPY,"""Mozilla/5.0 (compatible; MSIE 7.0; Windows NT 11.0; Trident/3.0)""",4.863846438132795
/Users/vamsisaripudi/Documents/1MTSU/SEM3/Parallel Processing Concepts/Final Project/Codebase/CSCI_6330_Final_Project/data-corpus/test-corpus/log_000001.txt,40,46,58,IPV4,10.204.3.187,2.0
/Users/vamsisaripudi/Documents/1MTSU/SEM3/Parallel Processing Concepts/Final Project/Codebase/CSCI_6330_Final_Project/data-corpus/test-corpus/log_000001.txt,41,0,131,HIGH_ENTROPY,"{""ts"":""2025-09-07T18:24:48Z"",""level"":""WARN"",""service"":""search"",""msg"":""retrying upstream"",""user"":""darlene68"",""trace"":""7W7eaDNKgeIn""}",4.690575884563022
/Users/vamsisaripudi/Documents/1MTSU/SEM3/Parallel Processing Concepts/Final Project/Codebase/CSCI_6330_Final_Project/data-corpus/test-corpus/log_000001.txt,42,0,124,HIGH_ENTROPY,"{""ts"":""2025-09-07T18:24:48Z"",""level"":""WARN"",""service"":""billing"",""msg"":""cache miss"",""user"":""sheila14"",""trace"":""xskC1ITtNZPH""}",4.727162165582339
/Users/vamsisaripudi/Documents/1MTSU/SEM3/Parallel Processing Concepts/Final Project/Codebase/CSCI_6330_Final_Project/data-corpus/test-corpus/log_000001.txt,43,53,66,IPV4,10.135.235.53,2.0
/Users/vamsisaripudi/Documents/1MTSU/SEM3/Parallel Processing Concepts/Final Project/Codebase/CSCI_6330_Final_Project/data-corpus/test-corpus/log_000001.txt,44,0,11,IPV4,186.9.165.3,2.0
/Users/vamsisaripudi/Documents/1MTSU/SEM3/Parallel Processing Concepts/Final Project/Codebase/CSCI_6330_Final_Project/data-corpus/test-corpus/log_000001.txt,44,90,156,HIGH_ENTROPY,"""Opera/9.10.(X11; Linux i686; mg-MG) Presto/2.9.168 Version/10.00""",4.823131105205005
/Users/vamsisaripudi/Documents/1MTSU/SEM3/Parallel Processing Concepts/Final Project/Codebase/CSCI_6330_Final_Project/data-corpus/test-corpus/log_000001.txt,45,44,59,IPV4,192.168.100.225,2.0
/Users/vamsisaripudi/Documents/1MTSU/SEM3/Parallel Processing Concepts/Final Project/Codebase/CSCI_6330_Final_Project/data-corpus/test-corpus/log_000003.txt,2,45,54,IPV4,10.21.7.3,2.0
/Users/vamsisaripudi/Documents/1MTSU/SEM3/Parallel Processing Concepts/Final Project/Codebase/CSCI_6330_Final_Project/data-corpus/test-corpus/log_000003.txt,3,44,57,IPV4,192.168.6.122,2.0
/Users/vamsisaripudi/Documents/1MTSU/SEM3/Parallel Processing Concepts/Final Project/Codebase/CSCI_6330_Final_Project/data-corpus/test-corpus/log_000003.txt,4,0,12,IPV4,27.151.11.93,2.0
/Users/vamsisaripudi/Documents/1MTSU/SEM3/Parallel Processing Concepts/Final Project/Codebase/CSCI_6330_Final_Project/data-corpus/test-corpus/log_000003.txt,4,88,155,HIGH_ENTROPY,"""Opera/9.88.(X11; Linux i686; nds-DE) Presto/2.9.183 Version/12.00""",4.845960743265914
/Users/vamsisaripudi/Documents/1MTSU/SEM3/Parallel Processing Concepts/Final Project/Codebase/CSCI_6330_Final_Project/data-corpus/test-corpus/log_000003.txt,5,0,127,HIGH_ENTROPY,"{""ts"":""2025-09-07T18:24:48Z"",""level"":""INFO"",""service"":""search"",""msg"":""db slow query"",""user"":""umarshall"",""trace"":""vIDAdn1Ay5XL""}",4.829676199089262
/Users/vamsisaripudi/Documents/1MTSU/SEM3/Parallel Processing Concepts/Final Project/Codebase/CSCI_6330_Final_Project/data-corpus/test-corpus/log_000003.txt,6,0,14,IPV4,148.160.163.96,2.0
/Users/vamsisaripudi/Documents/1MTSU/SEM3/Parallel Processing Concepts/Final Project/Codebase/CSCI_6330_Final_Project/data-corpus/test-corpus/log_000003.txt,6,89,197,HIGH_ENTROPY,"""Mozilla/5.0 (Macintosh; U; PPC Mac OS X 10_12_8; rv:1.9.3.20) Gecko/3958-06-21 06:15:07.199631 Firefox/3.8""",5.097215791127674
/Users/vamsisaripudi/Documents/1MTSU/SEM3/Parallel Processing Concepts/Final Project/Codebase/CSCI_6330_Final_Project/data-corpus/test-corpus/log_000003.txt,6,142,150,IPV4,1.9.3.20,2.0
/Users/vamsisaripudi/Documents/1MTSU/SEM3/Parallel Processing Concepts/Final Project/Codebase/CSCI_6330_Final_Project/data-corpus/test-corpus/log_000003.txt,9,0,132,HIGH_ENTROPY,"{""ts"":""2025-09-07T18:24:48Z"",""level"":""INFO"",""service"":""search"",""msg"":""user session created"",""user"":""jerry35"",""trace"":""KQbfPBi3Dldq""}",4.80403850931027
/Users/vamsisaripudi/Documents/1MTSU/SEM3/Parallel Processing Concepts/Final Project/Codebase/CSCI_6330_Final_Project/data-corpus/test-corpus/log_000003.txt,10,0,138,HIGH_ENTROPY,"{""ts"":""2025-09-07T18:24:48Z"",""level"":""ERROR"",""service"":""orders"",""msg"":""retrying upstream"",""user"":""newtonstephanie"",""trace"":""W4yrW81Aq1fE""}",4.772307246709927
/Users/vamsisaripudi/Documents/1MTSU/SEM3/Parallel Processing Concepts/Final Project/Codebase/CSCI_6330_Final_Project/data-corpus/test-corpus/log_000003.txt,10,153,341,HIGH_ENTROPY,'Bearer eyJhbGciOiJIUzI1NiIsInR5cCI6IkpXVCJ9.eyJzdWIiOiJLQVRBeWR3d0RpIiwiaWF0IjoxNzU3MjY3ODUyLCJleHAiOjE3NTcyNzE0NTIsInNjb3BlIjoicmVhZDphbGwifQ.mk3iBvYVdyzTm62fQpDr52iTxDxht_s-4Z_P-O5zdnc',5.6126463678337455
/Users/vamsisaripudi/Documents/1MTSU/SEM3/Parallel Processing Concepts/Final Project/Codebase/CSCI_6330_Final_Project/data-corpus/test-corpus/log_000003.txt,10,161,340,JWT,eyJhbGciOiJIUzI1NiIsInR5cCI6IkpXVCJ9.eyJzdWIiOiJLQVRBeWR3d0RpIiwiaWF0IjoxNzU3MjY3ODUyLCJleHAiOjE3NTcyNzE0NTIsInNjb3BlIjoicmVhZDphbGwifQ.mk3iBvYVdyzTm62fQpDr52iTxDxht_s-4Z_P-O5zdnc,2.0
/Users/vamsisaripudi/Documents/1MTSU/SEM3/Parallel Processing Concepts/Final Project/Codebase/CSCI_6330_Final_Project/data-corpus/test-corpus/log_000003.txt,11,43,58,IPV4,192.168.110.201,2.0
/Users/vamsisaripudi/Documents/1MTSU/SEM3/Parallel Processing Concepts/Final Project/Codebase/CSCI_6330_Final_Project/data-corpus/test-corpus/log_000003.txt,12,0,14,IPV4,193.144.229.52,2.0
/Users/vamsisaripudi/Documents/1MTSU/SEM3/Parallel Processing Concepts/Final Project/Codebase/CSCI_6330_Final_Project/data-corpus/test-corpus/log_000003.txt,12,89,205,HIGH_ENTROPY,"""Mozilla/5.0 (Macintosh; PPC Mac OS X 10_12_1) AppleWebKit/532.1 (KHTML, like Gecko) Chrome/13.0.873.0 Safari/532.1""",5.158561305928359
/Users/vamsisaripudi/Documents/1MTSU/SEM3/Parallel Processing Concepts/Final Project/Codebase/CSCI_6330_Final_Project/data-corpus/test-corpus/log_000003.txt,12,214,256,HIGH_ENTROPY,AIzatBR48lU9wQlpsDmRs4rVlDPeusxIJ1BRIraDfQ,4.588164148711681
/Users/vamsisaripudi/Documents/1MTSU/SEM3/Parallel Processing Concepts/Final Project/Codebase/CSCI_6330_Final_Project/data-corpus/test-corpus/log_000003.txt,13,0,134,HIGH_ENTROPY,"{""ts"":""2025-09-07T18:24:48Z"",""level"":""ERROR"",""service"":""billing"",""msg"":""user session created"",""user"":""ewilson"",""trace"":""8nDSqXxkMM9V""}",4.800491729666528
/Users/vamsisaripudi/Documents/1MTSU/SEM3/Parallel Processing Concepts/Final Project/Codebase/CSCI_6330_Final_Project/data-corpus/test-corpus/log_000003.txt,14,0,134,HIGH_ENTROPY,"{""ts"":""2025-09-07T18:24:48Z"",""level"":""WARN"",""service"":""billing"",""msg"":""user session created"",""user"":""kvasquez"",""trace"":""b7tKR69yz8Tm""}",4.7890319792688425
/Users/vamsisaripudi/Documents/1MTSU/SEM3/Parallel Processing Concepts/Final Project/Codebase/CSCI_6330_Final_Project/data-corpus/test-corpus/log_000003.txt,15,0,133,HIGH_ENTROPY,"{""ts"":""2025-09-07T18:24:48Z"",""level"":""INFO"",""service"":""orders"",""msg"":""token refreshed"",""user"":""hernandezlisa"",""trace"":""MZhYKYcwIBQx""}",4.813177707670715
/Users/vamsisaripudi/Documents/1MTSU/SEM3/Parallel Processing Concepts/Final Project/Codebase/CSCI_6330_Final_Project/data-corpus/test-corpus/log_000003.txt,16,51,64,IPV4,172.23.241.46,2.0
/Users/vamsisaripudi/Documents/1MTSU/SEM3/Parallel Processing Concepts/Final Project/Codebase/CSCI_6330_Final_Project/data-corpus/test-corpus/log_000003.txt,18,46,60,IPV4,172.17.237.104,2.0
/Users/vamsisaripudi/Documents/1MTSU/SEM3/Parallel Processing Concepts/Final Project/Codebase/CSCI_6330_Final_Project/data-corpus/test-corpus/log_000003.txt,19,47,60,IPV4,10.41.145.103,2.0
/Users/vamsisaripudi/Documents/1MTSU/SEM3/Parallel Processing Concepts/Final Project/Codebase/CSCI_6330_Final_Project/data-corpus/test-corpus/log_000003.txt,20,44,58,IPV4,10.230.168.107,2.0
/Users/vamsisaripudi/Documents/1MTSU/SEM3/Parallel Processing Concepts/Final Project/Codebase/CSCI_6330_Final_Project/data-corpus/test-corpus/log_000003.txt,22,44,58,IPV4,192.168.101.72,2.0
/Users/vamsisaripudi/Documents/1MTSU/SEM3/Parallel Processing Concepts/Final Project/Codebase/CSCI_6330_Final_Project/data-corpus/test-corpus/log_000003.txt,23,53,66,IPV4,192.168.136.0,2.0
/Users/vamsisaripudi/Documents/1MTSU/SEM3/Parallel Processing Concepts/Final Project/Codebase/CSCI_6330_Final_Project/data-corpus/test-corpus/log_000003.txt,25,0,14,IPV4,145.108.123.73,2.0
/Users/vamsisaripudi/Documents/1MTSU/SEM3/Parallel Processing Concepts/Final Project/Codebase/CSCI_6330_Final_Project/data-corpus/test-corpus/log_000003.txt,25,92,224,HIGH_ENTROPY,"""Mozilla/5.0 (Macintosh; Intel Mac OS X 10_8_9 rv:6.0; kok-IN) AppleWebKit/535.32.4 (KHTML, like Gecko) Version/4.1 Safari/535.32.4""",5.264531314187304
/Users/vamsisaripudi/Documents/1MTSU/SEM3/Parallel Processing Concepts/Final Project/Codebase/CSCI_6330_Final_Project/data-corpus/test-corpus/log_000003.txt,26,48,63,IPV4,192.168.142.106,2.0
/Users/vamsisaripudi/Documents/1MTSU/SEM3/Parallel Processing Concepts/Final Project/Codebase/CSCI_6330_Final_Project/data-corpus/test-corpus/log_000003.txt,28,46,59,IPV4,10.253.174.29,2.0
/Users/vamsisaripudi/Documents/1MTSU/SEM3/Parallel Processing Concepts/Final Project/Codebase/CSCI_6330_Final_Project/data-corpus/test-corpus/log_000003.txt,29,0,14,IPV4,69.162.197.137,2.0
/Users/vamsisaripudi/Documents/1MTSU/SEM3/Parallel Processing Concepts/Final Project/Codebase/CSCI_6330_Final_Project/data-corpus/test-corpus/log_000003.txt,29,90,155,HIGH_ENTROPY,"""Mozilla/5.0 (compatible; MSIE 7.0; Windows NT 5.0; Trident/3.1)""",4.873582667442961
/Users/vamsisaripudi/Documents/1MTSU/SEM3/Parallel Processing Concepts/Final Project/Codebase/CSCI_6330_Final_Project/data-corpus/test-corpus/log_000003.txt,30,50,63,IPV4,192.168.0.150,2.0
/Users/vamsisaripudi/Documents/1MTSU/SEM3/Parallel Processing Concepts/Final Project/Codebase/CSCI_6330_Final_Project/data-corpus/test-corpus/log_000003.txt,31,0,128,HIGH_ENTROPY,"{""ts"":""2025-09-07T18:24:48Z"",""level"":""WARN"",""service"":""billing"",""msg"":""token refreshed"",""user"":""cindy77"",""trace"":""IircdJsS8iO3""}",4.791550320556694
/Users/vamsisaripudi/Documents/1MTSU/SEM3/Parallel Processing Concepts/Final Project/Codebase/CSCI_6330_Final_Project/data-corpus/test-corpus/log_000003.txt,32,0,15,IPV4,182.131.140.146,2.0
/Users/vamsisaripudi/Documents/1MTSU/SEM3/Parallel Processing Concepts/Final Project/Codebase/CSCI_6330_Final_Project/data-corpus/test-corpus/log_000003.txt,32,94,168,HIGH_ENTROPY,"""Mozilla/5.0 (compatible; MSIE 9.0; Windows 98; Win 9x 4.90; Trident/4.1)""",4.842446399465823
/Users/vamsisaripudi/Documents/1MTSU/SEM3/Parallel Processing Concepts/Final Project/Codebase/CSCI_6330_Final_Project/data-corpus/test-corpus/log_000003.txt,33,53,67,IPV4,192.168.14.199,2.0
/Users/vamsisaripudi/Documents/1MTSU/SEM3/Parallel Processing Concepts/Final Project/Codebase/CSCI_6330_Final_Project/data-corpus/test-corpus/log_000003.txt,35,0,15,IPV4,200.157.170.155,2.0
/Users/vamsisaripudi/Documents/1MTSU/SEM3/Parallel Processing Concepts/Final Project/Codebase/CSCI_6330_Final_Project/data-corpus/test-corpus/log_000003.txt,35,91,159,HIGH_ENTROPY,"""Opera/9.41.(X11; Linux x86_64; ro-RO) Presto/2.9.173 Version/11.00""",4.866966981549002
/Users/vamsisaripudi/Documents/1MTSU/SEM3/Parallel Processing Concepts/Final Project/Codebase/CSCI_6330_Final_Project/data-corpus/test-corpus/log_000003.txt,36,0,125,HIGH_ENTROPY,"{""ts"":""2025-09-07T18:24:48Z"",""level"":""INFO"",""service"":""notify"",""msg"":""db slow query"",""user"":""yarnold"",""trace"":""MMYNoXHyC6Ct""}",4.901550037467304
/Users/vamsisaripudi/Documents/1MTSU/SEM3/Parallel Processing Concepts/Final Project/Codebase/CSCI_6330_Final_Project/data-corpus/test-corpus/log_000003.txt,38,0,11,IPV4,49.25.91.90,2.0
/Users/vamsisaripudi/Documents/1MTSU/SEM3/Parallel Processing Concepts/Final Project/Codebase/CSCI_6330_Final_Project/data-corpus/test-corpus/log_000003.txt,38,87,192,HIGH_ENTROPY,"""Mozilla/5.0 (Linux; Android 4.0.2) AppleWebKit/533.2 (KHTML, like Gecko) Chrome/49.0.849.0 Safari/533.2""",5.119739060498863
/Users/vamsisaripudi/Documents/1MTSU/SEM3/Parallel Processing Concepts/Final Project/Codebase/CSCI_6330_Final_Project/data-corpus/test-corpus/log_000003.txt,39,0,13,IPV4,152.102.23.85,2.0
/Users/vamsisaripudi/Documents/1MTSU/SEM3/Parallel Processing Concepts/Final Project/Codebase/CSCI_6330_Final_Project/data-corpus/test-corpus/log_000003.txt,39,88,154,HIGH_ENTROPY,"""Opera/9.22.(X11; Linux i686; ps-AF) Presto/2.9.164 Version/12.00""",4.805778877512176
/Users/vamsisaripudi/Documents/1MTSU/SEM3/Parallel Processing Concepts/Final Project/Codebase/CSCI_6330_Final_Project/data-corpus/test-corpus/log_000003.txt,40,0,127,HIGH_ENTROPY,"{""ts"":""2025-09-07T18:24:48Z"",""level"":""WARN"",""service"":""orders"",""msg"":""token refreshed"",""user"":""dgarcia"",""trace"":""3DeRo7qYYOLQ""}",4.772446277166893
/Users/vamsisaripudi/Documents/1MTSU/SEM3/Parallel Processing Concepts/Final Project/Codebase/CSCI_6330_Final_Project/data-corpus/test-corpus/log_000003.txt,41,0,138,HIGH_ENTROPY,"{""ts"":""2025-09-07T18:24:48Z"",""level"":""ERROR"",""service"":""billing"",""msg"":""user session created"",""user"":""bowenrobert"",""trace"":""oPj6r0jedkYt""}",4.723462610308364
/Users/vamsisaripudi/Documents/1MTSU/SEM3/Parallel Processing Concepts/Final Project/Codebase/CSCI_6330_Final_Project/data-corpus/test-corpus/log_000003.txt,42,48,61,IPV4,192.168.38.79,2.0
/Users/vamsisaripudi/Documents/1MTSU/SEM3/Parallel Processing Concepts/Final Project/Codebase/CSCI_6330_Final_Project/data-corpus/test-corpus/log_000002.txt,1,0,14,IPV4,39.249.220.117,2.0
/Users/vamsisaripudi/Documents/1MTSU/SEM3/Parallel Processing Concepts/Final Project/Codebase/CSCI_6330_Final_Project/data-corpus/test-corpus/log_000002.txt,1,93,158,HIGH_ENTROPY,"""Mozilla/5.0 (compatible; MSIE 9.0; Windows NT 4.0; Trident/5.1)""",4.873582667442961
/Users/vamsisaripudi/Documents/1MTSU/SEM3/Parallel Processing Concepts/Final Project/Codebase/CSCI_6330_Final_Project/data-corpus/test-corpus/log_000002.txt,2,0,127,HIGH_ENTROPY,"{""ts"":""2025-09-07T18:24:48Z"",""level"":""WARN"",""service"":""auth"",""msg"":""token refreshed"",""user"":""richard48"",""trace"":""CJTBJahe84S5""}",4.727044720377794
/Users/vamsisaripudi/Documents/1MTSU/SEM3/Parallel Processing Concepts/Final Project/Codebase/CSCI_6330_Final_Project/data-corpus/test-corpus/log_000002.txt,3,0,14,IPV4,90.232.151.191,2.0
/Users/vamsisaripudi/Documents/1MTSU/SEM3/Parallel Processing Concepts/Final Project/Codebase/CSCI_6330_Final_Project/data-corpus/test-corpus/log_000002.txt,3,92,158,HIGH_ENTROPY,"""Opera/8.48.(X11; Linux i686; ti-ET) Presto/2.9.172 Version/12.00""",4.847519597241927
/Users/vamsisaripudi/Documents/1MTSU/SEM3/Parallel Processing Concepts/Final Project/Codebase/CSCI_6330_Final_Project/data-corpus/test-corpus/log_000002.txt,4,0,13,IPV4,59.131.73.146,2.0
/Users/vamsisaripudi/Documents/1MTSU/SEM3/Parallel Processing Concepts/Final Project/Codebase/CSCI_6330_Final_Project/data-corpus/test-corpus/log_000002.txt,4,91,202,HIGH_ENTROPY,"""Mozilla/5.0 (Windows; U; Windows NT 5.2) AppleWebKit/535.42.3 (KHTML, like Gecko) Version/5.1 Safari/535.42.3""",5.046650824657217
/Users/vamsisaripudi/Documents/1MTSU/SEM3/Parallel Processing Concepts/Final Project/Codebase/CSCI_6330_Final_Project/data-corpus/test-corpus/log_000002.txt,5,0,138,HIGH_ENTROPY,"{""ts"":""2025-09-07T18:24:48Z"",""level"":""INFO"",""service"":""orders"",""msg"":""user session created"",""user"":""dylanwilliams"",""trace"":""43ANVj77p3kZ""}",4.793545422795466
/Users/vamsisaripudi/Documents/1MTSU/SEM3/Parallel Processing Concepts/Final Project/Codebase/CSCI_6330_Final_Project/data-corpus/test-corpus/log_000002.txt,7,46,60,IPV4,192.168.253.31,2.0
/Users/vamsisaripudi/Documents/1MTSU/SEM3/Parallel Processing Concepts/Final Project/Codebase/CSCI_6330_Final_Project/data-corpus/test-corpus/log_000002.txt,9,0,132,HIGH_ENTROPY,"{""ts"":""2025-09-07T18:24:48Z"",""level"":""ERROR"",""service"":""orders"",""msg"":""retrying upstream"",""user"":""pwilliams"",""trace"":""3e9XrwPGzR1I""}",4.771148809383787
/Users/vamsisaripudi/Documents/1MTSU/SEM3/Parallel Processing Concepts/Final Project/Codebase/CSCI_6330_Final_Project/data-corpus/test-corpus/log_000002.txt,10,0,14,IPV4,211.226.43.110,2.0
/Users/vamsisaripudi/Documents/1MTSU/SEM3/Parallel Processing Concepts/Final Project/Codebase/CSCI_6330_Final_Project/data-corpus/test-corpus/log_000002.txt,10,92,159,HIGH_ENTROPY,"""Opera/9.80.(Windows NT 10.0; nso-ZA) Presto/2.9.190 Version/11.00""",4.657079817414368
/Users/vamsisaripudi/Documents/1MTSU/SEM3/Parallel Processing Concepts/Final Project/Codebase/CSCI_6330_Final_Project/data-corpus/test-corpus/log_000002.txt,11,46,59,IPV4,172.31.48.136,2.0
/Users/vamsisaripudi/Documents/1MTSU/SEM3/Parallel Processing Concepts/Final Project/Codebase/CSCI_6330_Final_Project/data-corpus/test-corpus/log_000002.txt,12,48,62,IPV4,192.168.248.29,2.0
/Users/vamsisaripudi/Documents/1MTSU/SEM3/Parallel Processing Concepts/Final Project/Codebase/CSCI_6330_Final_Project/data-corpus/test-corpus/log_000002.txt,13,0,128,HIGH_ENTROPY,"{""ts"":""2025-09-07T18:24:48Z"",""level"":""WARN"",""service"":""billing"",""msg"":""token refreshed"",""user"":""jimmy55"",""trace"":""BaH7ZIRU8VVQ""}",4.901432598418183
/Users/vamsisaripudi/Documents/1MTSU/SEM3/Parallel Processing Concepts/Final Project/Codebase/CSCI_6330_Final_Project/data-corpus/test-corpus/log_000002.txt,15,44,59,IPV4,192.168.212.105,2.0
/Users/vamsisaripudi/Documents/1MTSU/SEM3/Parallel Processing Concepts/Final Project/Codebase/CSCI_6330_Final_Project/data-corpus/test-corpus/log_000002.txt,16,44,58,IPV4,172.29.113.208,2.0
/Users/vamsisaripudi/Documents/1MTSU/SEM3/Parallel Processing Concepts/Final Project/Codebase/CSCI_6330_Final_Project/data-corpus/test-corpus/log_000002.txt,18,48,62,IPV4,172.29.104.159,2.0
/Users/vamsisaripudi/Documents/1MTSU/SEM3/Parallel Processing Concepts/Final Project/Codebase/CSCI_6330_Final_Project/data-corpus/test-corpus/log_000002.txt,19,44,58,IPV4,172.26.193.146,2.0
/Users/vamsisaripudi/Documents/1MTSU/SEM3/Parallel Processing Concepts/Final Project/Codebase/CSCI_6330_Final_Project/data-corpus/test-corpus/log_000002.txt,21,53,68,IPV4,192.168.219.115,2.0
/Users/vamsisaripudi/Documents/1MTSU/SEM3/Parallel Processing Concepts/Final Project/Codebase/CSCI_6330_Final_Project/data-corpus/test-corpus/log_000002.txt,22,0,134,HIGH_ENTROPY,"{""ts"":""2025-09-07T18:24:48Z"",""level"":""DEBUG"",""service"":""billing"",""msg"":""request completed"",""user"":""nicholas37"",""trace"":""pEN2XeDA4OKm""}",4.879621273951064
/Users/vamsisaripudi/Documents/1MTSU/SEM3/Parallel Processing Concepts/Final Project/Codebase/CSCI_6330_Final_Project/data-corpus/test-corpus/log_000002.txt,24,0,13,IPV4,175.195.48.59,2.0
/Users/vamsisaripudi/Documents/1MTSU/SEM3/Parallel Processing Concepts/Final Project/Codebase/CSCI_6330_Final_Project/data-corpus/test-corpus/log_000002.txt,24,91,191,HIGH_ENTROPY,"""Mozilla/5.0 (Windows NT 11.0) AppleWebKit/536.2 (KHTML, like Gecko) Chrome/14.0.879.0 Safari/536.2""",5.207208660547247
/Users/vamsisaripudi/Documents/1MTSU/SEM3/Parallel Processing Concepts/Final Project/Codebase/CSCI_6330_Final_Project/data-corpus/test-corpus/log_000002.txt,26,43,55,IPV4,10.192.40.59,2.0
/Users/vamsisaripudi/Documents/1MTSU/SEM3/Parallel Processing Concepts/Final Project/Codebase/CSCI_6330_Final_Project/data-corpus/test-corpus/log_000009.txt,1,0,125,HIGH_ENTROPY,"{""ts"":""2025-09-07T18:24:48Z"",""level"":""INFO"",""service"":""notify"",""msg"":""db slow query"",""user"":""nmiller"",""trace"":""HTxe6Khd1J5G""}",4.901571989168574
/Users/vamsisaripudi/Documents/1MTSU/SEM3/Parallel Processing Concepts/Final Project/Codebase/CSCI_6330_Final_Project/data-corpus/test-corpus/log_000009.txt,2,0,134,HIGH_ENTROPY,"{""ts"":""2025-09-07T18:24:48Z"",""level"":""DEBUG"",""service"":""orders"",""msg"":""user session created"",""user"":""lauren11"",""trace"":""ChRnTLFf5GCZ""}",4.752719018570828
/Users/vamsisaripudi/Documents/1MTSU/SEM3/Parallel Processing Concepts/Final Project/Codebase/CSCI_6330_Final_Project/data-corpus/test-corpus/log_000009.txt,3,0,132,HIGH_ENTROPY,"{""ts"":""2025-09-07T18:24:48Z"",""level"":""ERROR"",""service"":""search"",""msg"":""user session created"",""user"":""eric26"",""trace"":""dJDRZtUbzq0a""}",4.686715119779797
/Users/vamsisaripudi/Documents/1MTSU/SEM3/Parallel Processing Concepts/Final Project/Codebase/CSCI_6330_Final_Project/data-corpus/test-corpus/log_000009.txt,4,0,14,IPV4,38.209.186.247,2.0
/Users/vamsisaripudi/Documents/1MTSU/SEM3/Parallel Processing Concepts/Final Project/Codebase/CSCI_6330_Final_Project/data-corpus/test-corpus/log_000009.txt,4,86,189,HIGH_ENTROPY,"""Mozilla/5.0 (Linux; Android 2.3) AppleWebKit/531.1 (KHTML, like Gecko) Chrome/51.0.876.0 Safari/531.1""",5.133787756025566
/Users/vamsisaripudi/Documents/1MTSU/SEM3/Parallel Processing Concepts/Final Project/Codebase/CSCI_6330_Final_Project/data-corpus/test-corpus/log_000009.txt,5,0,14,IPV4,37.107.183.131,2.0
/Users/vamsisaripudi/Documents/1MTSU/SEM3/Parallel Processing Concepts/Final Project/Codebase/CSCI_6330_Final_Project/data-corpus/test-corpus/log_000009.txt,5,86,221,HIGH_ENTROPY,"""Mozilla/5.0 (Macintosh; U; Intel Mac OS X 10_12_2 rv:2.0; dv-MV) AppleWebKit/532.37.5 (KHTML, like Gecko) Version/5.0 Safari/532.37.5""",5.2027625021613755
/Users/vamsisaripudi/Documents/1MTSU/SEM3/Parallel Processing Concepts/Final Project/Codebase/CSCI_6330_Final_Project/data-corpus/test-corpus/log_000009.txt,6,0,126,HIGH_ENTROPY,"{""ts"":""2025-09-07T18:24:48Z"",""level"":""ERROR"",""service"":""orders"",""msg"":""db slow query"",""user"":""xpatton"",""trace"":""C366yyfR9Q3I""}",4.8785281138870955
/Users/vamsisaripudi/Documents/1MTSU/SEM3/Parallel Processing Concepts/Final Project/Codebase/CSCI_6330_Final_Project/data-corpus/test-corpus/log_000009.txt,7,53,67,IPV4,172.31.221.157,2.0
/Users/vamsisaripudi/Documents/1MTSU/SEM3/Parallel Processing Concepts/Final Project/Codebase/CSCI_6330_Final_Project/data-corpus/test-corpus/log_000009.txt,8,0,134,HIGH_ENTROPY,"{""ts"":""2025-09-07T18:24:48Z"",""level"":""DEBUG"",""service"":""billing"",""msg"":""request completed"",""user"":""rushmartin"",""trace"":""tDRUIBIy0opD""}",4.821451694645436
/Users/vamsisaripudi/Documents/1MTSU/SEM3/Parallel Processing Concepts/Final Project/Codebase/CSCI_6330_Final_Project/data-corpus/test-corpus/log_000009.txt,9,43,58,IPV4,192.168.168.185,2.0
/Users/vamsisaripudi/Documents/1MTSU/SEM3/Parallel Processing Concepts/Final Project/Codebase/CSCI_6330_Final_Project/data-corpus/test-corpus/log_000009.txt,11,0,14,IPV4,57.124.193.222,2.0
/Users/vamsisaripudi/Documents/1MTSU/SEM3/Parallel Processing Concepts/Final Project/Codebase/CSCI_6330_Final_Project/data-corpus/test-corpus/log_000009.txt,11,96,161,HIGH_ENTROPY,"""Mozilla/5.0 (compatible; MSIE 7.0; Windows NT 6.2; Trident/5.1)""",4.91596555209163
/Users/vamsisaripudi/Documents/1MTSU/SEM3/Parallel Processing Concepts/Final Project/Codebase/CSCI_6330_Final_Project/data-corpus/test-corpus/log_000009.txt,13,48,60,IPV4,10.102.76.49,2.0
/Users/vamsisaripudi/Documents/1MTSU/SEM3/Parallel Processing Concepts/Final Project/Codebase/CSCI_6330_Final_Project/data-corpus/test-corpus/log_000009.txt,14,46,60,IPV4,192.168.107.87,2.0
/Users/vamsisaripudi/Documents/1MTSU/SEM3/Parallel Processing Concepts/Final Project/Codebase/CSCI_6330_Final_Project/data-corpus/test-corpus/log_000009.txt,15,0,135,HIGH_ENTROPY,"{""ts"":""2025-09-07T18:24:48Z"",""level"":""ERROR"",""service"":""orders"",""msg"":""retrying upstream"",""user"":""fuenteslaura"",""trace"":""dJ8L4V6lORBJ""}",4.74709346188617
/Users/vamsisaripudi/Documents/1MTSU/SEM3/Parallel Processing Concepts/Final Project/Codebase/CSCI_6330_Final_Project/data-corpus/test-corpus/log_000009.txt,16,43,56,IPV4,172.20.116.39,2.0
/Users/vamsisaripudi/Documents/1MTSU/SEM3/Parallel Processing Concepts/Final Project/Codebase/CSCI_6330_Final_Project/data-corpus/test-corpus/log_000009.txt,18,0,125,HIGH_ENTROPY,"{""ts"":""2025-09-07T18:24:48Z"",""level"":""WARN"",""service"":""auth"",""msg"":""db slow query"",""user"":""ystephens"",""trace"":""6dJA9AJHiypq""}",4.834913284885217
/Users/vamsisaripudi/Documents/1MTSU/SEM3/Parallel Processing Concepts/Final Project/Codebase/CSCI_6330_Final_Project/data-corpus/test-corpus/log_000009.txt,19,0,12,IPV4,194.87.5.129,2.0
/Users/vamsisaripudi/Documents/1MTSU/SEM3/Parallel Processing Concepts/Final Project/Codebase/CSCI_6330_Final_Project/data-corpus/test-corpus/log_000009.txt,19,93,227,HIGH_ENTROPY,"""Mozilla/5.0 (iPad; CPU iPad OS 17_2 like Mac OS X) AppleWebKit/532.2 (KHTML, like Gecko) CriOS/62.0.886.0 Mobile/52U909 Safari/532.2""",5.074677996668352
/Users/vamsisaripudi/Documents/1MTSU/SEM3/Parallel Processing Concepts/Final Project/Codebase/CSCI_6330_Final_Project/data-corpus/test-corpus/log_000009.txt,20,0,132,HIGH_ENTROPY,"{""ts"":""2025-09-07T18:24:48Z"",""level"":""INFO"",""service"":""orders"",""msg"":""db slow query"",""user"":""michaeljohnson"",""trace"":""RMMc3emZWLUQ""}",4.920955154162707
/Users/vamsisaripudi/Documents/1MTSU/SEM3/Parallel Processing Concepts/Final Project/Codebase/CSCI_6330_Final_Project/data-corpus/test-corpus/log_000009.txt,22,0,14,IPV4,53.244.205.244,2.0
/Users/vamsisaripudi/Documents/1MTSU/SEM3/Parallel Processing Concepts/Final Project/Codebase/CSCI_6330_Final_Project/data-corpus/test-corpus/log_000009.txt,22,92,158,HIGH_ENTROPY,"""Opera/8.66.(X11; Linux i686; sa-IN) Presto/2.9.171 Version/11.00""",4.7640381577824265
/Users/vamsisaripudi/Documents/1MTSU/SEM3/Parallel Processing Concepts/Final Project/Codebase/CSCI_6330_Final_Project/data-corpus/test-corpus/log_000009.txt,23,0,125,HIGH_ENTROPY,"{""ts"":""2025-09-07T18:24:48Z"",""level"":""WARN"",""service"":""orders"",""msg"":""db slow query"",""user"":""tflores"",""trace"":""DIPwtqxG4FDg""}",4.801779609284606
/Users/vamsisaripudi/Documents/1MTSU/SEM3/Parallel Processing Concepts/Final Project/Codebase/CSCI_6330_Final_Project/data-corpus/test-corpus/log_000009.txt,25,0,138,HIGH_ENTROPY,"{""ts"":""2025-09-07T18:24:48Z"",""level"":""INFO"",""service"":""orders"",""msg"":""user session created"",""user"":""zacharyarnold"",""trace"":""7LLUAsjmvoyK""}",4.763668951372176
/Users/vamsisaripudi/Documents/1MTSU/SEM3/Parallel Processing Concepts/Final Project/Codebase/CSCI_6330_Final_Project/data-corpus/test-corpus/log_000009.txt,28,0,128,HIGH_ENTROPY,"{""ts"":""2025-09-07T18:24:48Z"",""level"":""INFO"",""service"":""notify"",""msg"":""request completed"",""user"":""tprice"",""trace"":""12e80QdWaAi1""}",4.721390554999302
/Users/vamsisaripudi/Documents/1MTSU/SEM3/Parallel Processing Concepts/Final Project/Codebase/CSCI_6330_Final_Project/data-corpus/test-corpus/log_000009.txt,29,0,14,IPV4,100.35.160.205,2.0
/Users/vamsisaripudi/Documents/1MTSU/SEM3/Parallel Processing Concepts/Final Project/Codebase/CSCI_6330_Final_Project/data-corpus/test-corpus/log_000009.txt,29,91,212,HIGH_ENTROPY,"""Mozilla/5.0 (Macintosh; U; Intel Mac OS X 10_11_9) AppleWebKit/535.0 (KHTML, like Gecko) Chrome/38.0.875.0 Safari/535.0""",5.150323668802643
/Users/vamsisaripudi/Documents/1MTSU/SEM3/Parallel Processing Concepts/Final Project/Codebase/CSCI_6330_Final_Project/data-corpus/test-corpus/log_000009.txt,30,0,14,IPV4,210.182.73.195,2.0
/Users/vamsisaripudi/Documents/1MTSU/SEM3/Parallel Processing Concepts/Final Project/Codebase/CSCI_6330_Final_Project/data-corpus/test-corpus/log_000009.txt,30,100,170,HIGH_ENTROPY,"""Mozilla/5.0 (Android 3.2.3; Mobile; rv:54.0) Gecko/54.0 Firefox/54.0""",4.694945474174851
/Users/vamsisaripudi/Documents/1MTSU/SEM3/Parallel Processing Concepts/Final Project/Codebase/CSCI_6330_Final_Project/data-corpus/test-corpus/log_000009.txt,30,185,373,HIGH_ENTROPY,'Bearer eyJhbGciOiJIUzI1NiIsInR5cCI6IkpXVCJ9.eyJzdWIiOiJIVlhnZ1RpWlBLIiwiaWF0IjoxNzU3MjY3ODUyLCJleHAiOjE3NTcyNzE0NTIsInNjb3BlIjoicmVhZDphbGwifQ.7h9edO1MVNbXcA7j15F0D17tSp6gJPuwNFOMfmHlJLs',5.585937672296995
/Users/vamsisaripudi/Documents/1MTSU/SEM3/Parallel Processing Concepts/Final Project/Codebase/CSCI_6330_Final_Project/data-corpus/test-corpus/log_000009.txt,30,193,372,JWT,eyJhbGciOiJIUzI1NiIsInR5cCI6IkpXVCJ9.eyJzdWIiOiJIVlhnZ1RpWlBLIiwiaWF0IjoxNzU3MjY3ODUyLCJleHAiOjE3NTcyNzE0NTIsInNjb3BlIjoicmVhZDphbGwifQ.7h9edO1MVNbXcA7j15F0D17tSp6gJPuwNFOMfmHlJLs,2.0
/Users/vamsisaripudi/Documents/1MTSU/SEM3/Parallel Processing Concepts/Final Project/Codebase/CSCI_6330_Final_Project/data-corpus/test-corpus/log_000009.txt,31,0,13,IPV4,156.104.17.39,2.0
/Users/vamsisaripudi/Documents/1MTSU/SEM3/Parallel Processing Concepts/Final Project/Codebase/CSCI_6330_Final_Project/data-corpus/test-corpus/log_000009.txt,31,92,153,HIGH_ENTROPY,"""Opera/9.14.(Windows 98; sq-AL) Presto/2.9.185 Version/10.00""",4.80132991150418
/Users/vamsisaripudi/Documents/1MTSU/SEM3/Parallel Processing Concepts/Final Project/Codebase/CSCI_6330_Final_Project/data-corpus/test-corpus/log_000008.txt,2,0,13,IPV4,37.15.125.108,2.0
/Users/vamsisaripudi/Documents/1MTSU/SEM3/Parallel Processing Concepts/Final Project/Codebase/CSCI_6330_Final_Project/data-corpus/test-corpus/log_000008.txt,2,90,158,HIGH_ENTROPY,"""Opera/9.96.(X11; Linux x86_64; ca-ES) Presto/2.9.161 Version/11.00""",4.85586569475248
/Users/vamsisaripudi/Documents/1MTSU/SEM3/Parallel Processing Concepts/Final Project/Codebase/CSCI_6330_Final_Project/data-corpus/test-corpus/log_000008.txt,4,0,135,HIGH_ENTROPY,"{""ts"":""2025-09-07T18:24:48Z"",""level"":""DEBUG"",""service"":""notify"",""msg"":""retrying upstream"",""user"":""timothybooth"",""trace"":""QEHyu9lD6IvI""}",4.8746120342101715
/Users/vamsisaripudi/Documents/1MTSU/SEM3/Parallel Processing Concepts/Final Project/Codebase/CSCI_6330_Final_Project/data-corpus/test-corpus/log_000008.txt,5,49,63,IPV4,172.16.125.157,2.0
/Users/vamsisaripudi/Documents/1MTSU/SEM3/Parallel Processing Concepts/Final Project/Codebase/CSCI_6330_Final_Project/data-corpus/test-corpus/log_000008.txt,6,52,64,IPV4,10.245.53.29,2.0
/Users/vamsisaripudi/Documents/1MTSU/SEM3/Parallel Processing Concepts/Final Project/Codebase/CSCI_6330_Final_Project/data-corpus/test-corpus/log_000008.txt,7,0,126,HIGH_ENTROPY,"{""ts"":""2025-09-07T18:24:48Z"",""level"":""ERROR"",""service"":""orders"",""msg"":""db slow query"",""user"":""jherman"",""trace"":""wJ77YUrshKRI""}",4.811810876136565
/Users/vamsisaripudi/Documents/1MTSU/SEM3/Parallel Processing Concepts/Final Project/Codebase/CSCI_6330_Final_Project/data-corpus/test-corpus/log_000008.txt,9,0,13,IPV4,63.211.100.35,2.0
/Users/vamsisaripudi/Documents/1MTSU/SEM3/Parallel Processing Concepts/Final Project/Codebase/CSCI_6330_Final_Project/data-corpus/test-corpus/log_000008.txt,9,85,151,HIGH_ENTROPY,"""Opera/9.50.(Windows NT 10.0; om-KE) Presto/2.9.189 Version/10.00""",4.75411358153919
/Users/vamsisaripudi/Documents/1MTSU/SEM3/Parallel Processing Concepts/Final Project/Codebase/CSCI_6330_Final_Project/data-corpus/test-corpus/log_000008.txt,10,0,129,HIGH_ENTROPY,"{""ts"":""2025-09-07T18:24:48Z"",""level"":""WARN"",""service"":""notify"",""msg"":""token refreshed"",""user"":""owilliams"",""trace"":""rigNVLppdQ5H""}",4.842530554413957
/Users/vamsisaripudi/Documents/1MTSU/SEM3/Parallel Processing Concepts/Final Project/Codebase/CSCI_6330_Final_Project/data-corpus/test-corpus/log_000008.txt,11,0,128,HIGH_ENTROPY,"{""ts"":""2025-09-07T18:24:48Z"",""level"":""INFO"",""service"":""billing"",""msg"":""db slow query"",""user"":""allentran"",""trace"":""vTEgRXia9J7k""}",4.835556008531234
/Users/vamsisaripudi/Documents/1MTSU/SEM3/Parallel Processing Concepts/Final Project/Codebase/CSCI_6330_Final_Project/data-corpus/test-corpus/log_000008.txt,13,0,13,IPV4,143.186.10.96,2.0
/Users/vamsisaripudi/Documents/1MTSU/SEM3/Parallel Processing Concepts/Final Project/Codebase/CSCI_6330_Final_Project/data-corpus/test-corpus/log_000008.txt,13,93,161,HIGH_ENTROPY,"""Opera/9.68.(X11; Linux x86_64; hu-HU) Presto/2.9.190 Version/12.00""",4.914689224164245
/Users/vamsisaripudi/Documents/1MTSU/SEM3/Parallel Processing Concepts/Final Project/Codebase/CSCI_6330_Final_Project/data-corpus/test-corpus/log_000008.txt,15,52,65,IPV4,192.168.30.18,2.0
/Users/vamsisaripudi/Documents/1MTSU/SEM3/Parallel Processing Concepts/Final Project/Codebase/CSCI_6330_Final_Project/data-corpus/test-corpus/log_000008.txt,16,0,13,IPV4,160.198.183.7,2.0
/Users/vamsisaripudi/Documents/1MTSU/SEM3/Parallel Processing Concepts/Final Project/Codebase/CSCI_6330_Final_Project/data-corpus/test-corpus/log_000008.txt,16,91,227,HIGH_ENTROPY,"""Mozilla/5.0 (iPad; CPU iPad OS 17_4_1 like Mac OS X) AppleWebKit/534.0 (KHTML, like Gecko) CriOS/31.0.802.0 Mobile/31Q203 Safari/534.0""",5.0729884629669115
/Users/vamsisaripudi/Documents/1MTSU/SEM3/Parallel Processing Concepts/Final Project/Codebase/CSCI_6330_Final_Project/data-corpus/test-corpus/log_000008.txt,18,46,59,IPV4,10.129.60.245,2.0
/Users/vamsisaripudi/Documents/1MTSU/SEM3/Parallel Processing Concepts/Final Project/Codebase/CSCI_6330_Final_Project/data-corpus/test-corpus/log_000008.txt,19,0,129,HIGH_ENTROPY,"{""ts"":""2025-09-07T18:24:48Z"",""level"":""INFO"",""service"":""orders"",""msg"":""retrying upstream"",""user"":""susan79"",""trace"":""KRWmlN2O5z0B""}",4.753881398730392
/Users/vamsisaripudi/Documents/1MTSU/SEM3/Parallel Processing Concepts/Final Project/Codebase/CSCI_6330_Final_Project/data-corpus/test-corpus/log_000008.txt,20,0,14,IPV4,115.157.28.127,2.0
/Users/vamsisaripudi/Documents/1MTSU/SEM3/Parallel Processing Concepts/Final Project/Codebase/CSCI_6330_Final_Project/data-corpus/test-corpus/log_000008.txt,20,101,166,HIGH_ENTROPY,"""Mozilla/5.0 (compatible; MSIE 5.0; Windows NT 6.1; Trident/5.0)""",4.831199782794292
/Users/vamsisaripudi/Documents/1MTSU/SEM3/Parallel Processing Concepts/Final Project/Codebase/CSCI_6330_Final_Project/data-corpus/test-corpus/log_000008.txt,22,44,59,IPV4,192.168.255.237,2.0
/Users/vamsisaripudi/Documents/1MTSU/SEM3/Parallel Processing Concepts/Final Project/Codebase/CSCI_6330_Final_Project/data-corpus/test-corpus/log_000008.txt,23,0,11,IPV4,1.48.211.68,2.0
/Users/vamsisaripudi/Documents/1MTSU/SEM3/Parallel Processing Concepts/Final Project/Codebase/CSCI_6330_Final_Project/data-corpus/test-corpus/log_000008.txt,23,96,209,HIGH_ENTROPY,"""Mozilla/5.0 (Windows; U; Windows NT 6.1) AppleWebKit/531.15.2 (KHTML, like Gecko) Version/5.0.3 Safari/531.15.2""",5.051874836770337
/Users/vamsisaripudi/Documents/1MTSU/SEM3/Parallel Processing Concepts/Final Project/Codebase/CSCI_6330_Final_Project/data-corpus/test-corpus/log_000008.txt,24,0,13,IPV4,47.99.229.125,2.0
/Users/vamsisaripudi/Documents/1MTSU/SEM3/Parallel Processing Concepts/Final Project/Codebase/CSCI_6330_Final_Project/data-corpus/test-corpus/log_000008.txt,24,94,228,HIGH_ENTROPY,"""Mozilla/5.0 (Macintosh; U; Intel Mac OS X 10_5_1 rv:5.0; xh-ZA) AppleWebKit/534.44.5 (KHTML, like Gecko) Version/5.0 Safari/534.44.5""",5.172224363135365
/Users/vamsisaripudi/Documents/1MTSU/SEM3/Parallel Processing Concepts/Final Project/Codebase/CSCI_6330_Final_Project/data-corpus/test-corpus/log_000008.txt,25,46,60,IPV4,10.230.174.131,2.0
/Users/vamsisaripudi/Documents/1MTSU/SEM3/Parallel Processing Concepts/Final Project/Codebase/CSCI_6330_Final_Project/data-corpus/test-corpus/log_000008.txt,26,0,125,HIGH_ENTROPY,"{""ts"":""2025-09-07T18:24:48Z"",""level"":""DEBUG"",""service"":""search"",""msg"":""cache miss"",""user"":""rreynolds"",""trace"":""DVMxASJ6EWIZ""}",4.835248036724947
